Team_Name,Pts_Scored,Pts_Al,Win,TDs,First_Sc,Second_Sc,Third_Sc,Fourth_Sc,First_Al,Second_Al,Third_Al,Fourth_Al,Off_Plys,Rush_Plys,Pass_Plys,Fumbles,Yds_Ply,Yds_Rush,Yds_Pass,Total_Yds_Gm,Total_Rush_Yds_Gm,Total_Pass_Yds_Gm,Yds_Ply_Al,Yds_Rush_Al,Yds_Pass_Al,Total_Yds_Gm_Al,Total_Rush_Yds_Gm_Al,Total_Pass_Yds_Gm_Al,Off_Plys_Al,Rush_Plys_Al,Pass_Plys_Al,Completion_Rate,Pass_Att,Pass_TDs,INTs,Sacks_Taken,Rush_TDs,Rush_Att,Pass_1Ds_Gm,Rush_1Ds_Gm,First_Ds_Gm,Third_Conv_Perc,Fourth_Conv_Perc,Sacks_Gm,INT_Gm,Fumbles_Caused,TO_Gm,FG_Att,FG_Perc_Comp,PAT_Att,PAT_Perc_Comp,Punts,Avg_Punt_Yds_Gm,Avg_Punt_Ret_Yds_Gm,Avg_Punt_Ret_Yds_Opp_Gm,Total_Punt_Ret_Yds_Gm,Total_Punt_Ret_Yds_Opp_Gm,Punt_Ret_TD,Punt_Ret_TD_Opp,Avg_Kick_Ret_Yds_Gm,Avg_Kick_Ret_Yds_Opp_Gm,Kick_Ret_TD_Opp,Kick_Ret_TD,Penalties,Penalty_Gm,Penalty_Yds_Gm,Playoff_app_5_yrs,Superbowl_Win,Draft_Pos,Week_Of_Szn,Perc_Pro_Bowl,Opp_Name,Year
Bears,27.0,23.0,1.0,3.0,3.0,3.0,0.0,21.0,3.0,10.0,10.0,0.0,65.0,28.0,36.0,0.0,5.6,5.3,6.7,363.0,149.0,214.0,5.6,4.8,7.1,426.0,138.0,288.0,72.0,29.0,42.0,0.5555555555555556,36.0,3.0,0.0,1.0,0.0,28.0,15.0,7.0,26.0,18.0,50.0,1.0,1.0,0.0,1.0,2.0,1.0,3.0,1.0,5.0,42.6,0.0,16.0,0.0,16.0,0.0,0.0,36.666666666666664,33.0,0.0,0.0,6-48,6.0,48.0,1.0,0.0,43.0,1.0,0.1509433962264151,LionsDetroit,2020.0
Bears,17.0,13.0,1.0,2.0,10.0,7.0,0.0,0.0,0.0,0.0,3.0,10.0,64.0,32.0,28.0,0.0,4.8,4.2,6.8,304.0,135.0,169.0,4.8,4.2,6.0,295.0,75.0,220.0,62.0,18.0,40.0,0.6428571428571429,28.0,2.0,2.0,4.0,0.0,32.0,11.0,7.0,18.0,56.0,100.0,4.0,1.0,1.0,2.0,2.0,0.5,2.0,1.0,3.0,44.7,0.0,0.0,0.0,11.0,0.0,0.0,23.25,28.0,0.0,0.0,5-48,5.0,48.0,1.0,0.0,43.0,2.0,0.1509433962264151,Giants,2020.0
Bears,30.0,26.0,1.0,4.0,3.0,7.0,0.0,20.0,6.0,10.0,10.0,0.0,78.0,25.0,51.0,0.0,5.6,5.2,6.2,437.0,130.0,307.0,5.6,5.8,6.3,371.0,144.0,227.0,65.0,25.0,38.0,0.5686274509803921,51.0,4.0,2.0,2.0,0.0,25.0,14.0,8.0,24.0,26.0,50.0,2.0,1.0,0.0,1.0,2.0,0.5,3.0,1.0,4.0,53.8,3.0,5.335,6.0,32.0,0.0,0.0,30.333333333333332,13.0,0.0,0.0,10-80,10.0,80.0,1.0,0.0,43.0,3.0,0.1509433962264151,FalconsAtlanta,2020.0
Bears,11.0,19.0,0.0,1.0,0.0,3.0,0.0,8.0,7.0,6.0,3.0,3.0,59.0,16.0,42.0,0.0,4.6,1.8,5.9,269.0,28.0,241.0,4.6,2.7,6.6,289.0,103.0,186.0,68.0,38.0,29.0,0.6190476190476191,42.0,1.0,1.0,1.0,0.0,16.0,12.0,2.0,16.0,28.0,0.0,1.0,0.0,0.0,0.0,1.0,1.0,0.0,0.0,7.0,44.7,6.0,10.5,18.0,42.0,0.0,0.0,18.25,28.0,0.0,0.0,8-103,8.0,103.0,1.0,0.0,43.0,4.0,0.1509433962264151,ColtsIndianapolis,2020.0
Bears,20.0,19.0,1.0,2.0,0.0,14.0,0.0,6.0,10.0,3.0,3.0,3.0,59.0,14.0,42.0,0.0,4.1,2.5,5.8,243.0,35.0,208.0,4.1,5.3,6.2,339.0,106.0,233.0,64.0,20.0,41.0,0.7142857142857143,42.0,1.0,1.0,3.0,1.0,14.0,14.0,2.0,18.0,30.0,0.0,3.0,0.0,1.0,1.0,2.0,1.0,2.0,1.0,5.0,45.6,6.0,10.0,6.0,20.0,0.0,0.0,39.666666666666664,25.0,0.0,0.0,6-66,6.0,66.0,1.0,0.0,43.0,5.0,0.1509433962264151,Bay,2020.0
Bears,23.0,16.0,1.0,2.0,7.0,6.0,7.0,3.0,3.0,3.0,0.0,10.0,64.0,25.0,39.0,0.0,4.1,2.5,5.1,261.0,63.0,198.0,4.1,3.9,7.4,303.0,112.0,191.0,62.0,29.0,29.0,0.5897435897435898,39.0,1.0,1.0,0.0,1.0,25.0,14.0,5.0,22.0,50.0,0.0,4.0,2.0,1.0,3.0,3.0,1.0,2.0,1.0,4.0,44.2,0.0,9.0,0.0,9.0,0.0,0.0,0.0,24.0,0.0,0.0,10-92,10.0,92.0,1.0,0.0,43.0,6.0,0.1509433962264151,PanthersCarolina,2020.0
Bears,10.0,24.0,0.0,0.0,0.0,3.0,0.0,7.0,7.0,3.0,14.0,0.0,61.0,17.0,40.0,0.0,4.6,2.9,6.5,279.0,49.0,230.0,4.6,4.7,6.7,371.0,160.0,211.0,68.0,34.0,33.0,0.7,40.0,0.0,2.0,4.0,0.0,17.0,9.0,4.0,14.0,28.0,25.0,1.0,0.0,1.0,1.0,1.0,1.0,1.0,1.0,5.0,47.6,0.0,0.0,0.0,14.0,0.0,0.0,23.5,20.5,0.0,0.0,6-46,6.0,46.0,1.0,0.0,43.0,7.0,0.1509433962264151,Rams,2020.0
Bears,23.0,26.0,0.0,2.0,3.0,10.0,0.0,10.0,3.0,7.0,6.0,7.0,69.0,23.0,41.0,0.0,4.8,4.2,6.6,329.0,96.0,233.0,4.8,4.1,6.8,394.0,122.0,272.0,72.0,30.0,41.0,0.6829268292682927,41.0,2.0,1.0,5.0,0.0,23.0,12.0,5.0,18.0,33.0,66.0,1.0,0.0,0.0,0.0,3.0,1.0,2.0,1.0,4.0,50.0,5.67,22.33,17.0,67.0,0.0,0.0,15.25,18.8,0.0,0.0,7-53,7.0,53.0,1.0,0.0,43.0,8.0,0.1509433962264151,Orleans,2020.0
Bengals,13.0,16.0,0.0,1.0,7.0,0.0,6.0,0.0,0.0,6.0,0.0,10.0,67.0,28.0,36.0,1.0,4.4,4.4,5.4,295.0,122.0,173.0,4.4,4.0,6.9,362.0,155.0,207.0,71.0,39.0,30.0,0.6388888888888888,36.0,0.0,1.0,3.0,1.0,28.0,14.0,5.0,19.0,42.0,0.0,2.0,0.0,0.0,0.0,3.0,0.6666666666666666,1.0,1.0,6.0,55.0,14.5,3.5,29.0,7.0,0.0,0.0,44.0,46.0,0.0,0.0,7-44,7.0,44.0,1.0,0.0,1.0,1.0,0.018867924528301886,Chargers,2020.0
Bengals,30.0,35.0,0.0,3.0,3.0,10.0,3.0,14.0,7.0,14.0,7.0,7.0,88.0,24.0,61.0,1.0,4.0,2.8,5.2,353.0,68.0,285.0,4.0,6.1,9.5,434.0,215.0,219.0,58.0,35.0,23.0,0.6065573770491803,61.0,3.0,0.0,3.0,0.0,24.0,20.0,7.0,30.0,44.0,100.0,0.0,1.0,0.0,1.0,3.0,1.0,3.0,1.0,2.0,49.0,0.0,13.0,0.0,13.0,0.0,0.0,43.5,0.0,0.0,0.0,4-45,4.0,45.0,1.0,0.0,1.0,2.0,0.018867924528301886,BrownsCleveland,2020.0
Bengals,23.0,23.0,0.0,2.0,0.0,10.0,7.0,6.0,0.0,13.0,3.0,7.0,70.0,18.0,44.0,0.0,4.3,2.7,7.1,304.0,48.0,256.0,4.3,4.9,4.8,381.0,175.0,206.0,86.0,36.0,47.0,0.7045454545454546,44.0,2.0,0.0,8.0,0.0,18.0,19.0,2.0,24.0,23.0,0.0,3.0,2.0,0.0,2.0,3.0,1.0,2.0,1.0,7.0,42.6,9.25,1.0,37.0,2.0,0.0,0.0,19.5,0.0,0.0,0.0,9-73,9.0,73.0,1.0,0.0,1.0,3.0,0.018867924528301886,EaglesPhiladelphia,2020.0
Bengals,33.0,25.0,1.0,3.0,3.0,7.0,17.0,6.0,7.0,6.0,0.0,12.0,71.0,34.0,36.0,0.0,7.1,6.0,8.3,505.0,205.0,300.0,7.1,4.5,8.8,429.0,89.0,340.0,63.0,20.0,40.0,0.6944444444444444,36.0,1.0,1.0,1.0,2.0,34.0,15.0,12.0,28.0,36.0,100.0,3.0,1.0,0.0,1.0,4.0,1.0,3.0,1.0,1.0,40.0,0.0,0.0,0.0,0.0,0.0,0.0,13.0,0.0,0.0,0.0,7-73,7.0,73.0,1.0,0.0,1.0,4.0,0.018867924528301886,JaguarsJacksonville,2020.0
Bengals,3.0,27.0,0.0,0.0,0.0,0.0,0.0,3.0,10.0,7.0,3.0,7.0,65.0,28.0,30.0,2.0,3.2,2.5,6.1,205.0,70.0,135.0,3.2,6.7,4.9,332.0,161.0,171.0,62.0,24.0,37.0,0.6333333333333333,30.0,0.0,1.0,7.0,0.0,28.0,9.0,3.0,12.0,18.0,66.0,1.0,1.0,0.0,1.0,1.0,1.0,0.0,0.0,7.0,50.1,4.0,3.33,4.0,10.0,0.0,0.0,0.0,30.0,0.0,0.0,5-40,5.0,40.0,1.0,0.0,1.0,5.0,0.018867924528301886,RavensBaltimore,2020.0
Bengals,27.0,31.0,0.0,3.0,14.0,10.0,3.0,0.0,0.0,21.0,0.0,10.0,73.0,32.0,39.0,0.0,5.5,3.1,8.0,398.0,98.0,300.0,5.5,3.9,8.4,430.0,59.0,371.0,60.0,15.0,44.0,0.6410256410256411,39.0,0.0,1.0,2.0,3.0,32.0,14.0,6.0,22.0,47.0,100.0,1.0,1.0,1.0,2.0,3.0,0.6666666666666666,3.0,1.0,3.0,43.7,6.0,8.5,12.0,17.0,0.0,0.0,20.0,25.0,0.0,0.0,6-20,6.0,20.0,1.0,0.0,1.0,6.0,0.018867924528301886,ColtsIndianapolis,2020.0
Bengals,34.0,37.0,0.0,4.0,7.0,10.0,3.0,14.0,3.0,7.0,7.0,20.0,73.0,21.0,48.0,1.0,6.4,3.9,8.8,468.0,81.0,387.0,6.4,3.7,10.9,398.0,82.0,316.0,51.0,22.0,29.0,0.75,48.0,3.0,1.0,4.0,1.0,21.0,24.0,5.0,31.0,66.0,100.0,0.0,1.0,0.0,1.0,2.0,1.0,4.0,1.0,0.0,,11.0,0.0,11.0,0.0,0.0,0.0,18.75,21.5,0.0,0.0,7-45,7.0,45.0,1.0,0.0,1.0,7.0,0.018867924528301886,BrownsCleveland,2020.0
Bengals,31.0,20.0,1.0,4.0,3.0,14.0,0.0,14.0,0.0,7.0,0.0,13.0,69.0,32.0,37.0,0.0,5.3,3.7,6.7,367.0,118.0,249.0,5.3,7.5,7.8,441.0,218.0,223.0,60.0,29.0,30.0,0.7027027027027027,37.0,2.0,0.0,0.0,2.0,32.0,16.0,7.0,27.0,66.0,100.0,1.0,1.0,0.0,1.0,1.0,1.0,4.0,1.0,3.0,43.3,0.0,3.0,0.0,3.0,0.0,0.0,24.25,15.0,0.0,0.0,7-45,7.0,45.0,1.0,0.0,1.0,8.0,0.018867924528301886,TitansTennessee,2020.0
Bills,27.0,17.0,1.0,3.0,14.0,7.0,0.0,6.0,0.0,3.0,7.0,7.0,81.0,32.0,46.0,2.0,5.0,3.1,6.8,404.0,98.0,306.0,5.0,3.5,6.1,254.0,52.0,202.0,53.0,15.0,35.0,0.717391304347826,46.0,2.0,0.0,3.0,1.0,32.0,17.0,8.0,31.0,50.0,100.0,3.0,1.0,1.0,2.0,4.0,0.5,3.0,1.0,1.0,53.0,13.6,0.0,68.0,0.0,0.0,0.0,31.0,16.0,0.0,0.0,7-79,7.0,79.0,2.0,0.0,54.0,1.0,0.018867924528301886,Jets,2020.0
Bills,31.0,28.0,1.0,4.0,7.0,10.0,0.0,14.0,7.0,3.0,3.0,15.0,59.0,23.0,35.0,1.0,8.9,4.9,11.9,523.0,112.0,411.0,8.9,4.5,7.0,410.0,99.0,311.0,72.0,22.0,47.0,0.6857142857142857,35.0,4.0,0.0,1.0,0.0,23.0,15.0,7.0,23.0,50.0,0.0,3.0,0.0,0.0,0.0,1.0,1.0,4.0,1.0,4.0,41.0,9.0,5.5,18.0,11.0,0.0,0.0,-1.0,0.0,0.0,0.0,6-55,6.0,55.0,2.0,0.0,54.0,2.0,0.018867924528301886,DolphinsMiami,2020.0
Bills,35.0,32.0,1.0,5.0,7.0,14.0,7.0,7.0,0.0,3.0,14.0,15.0,58.0,21.0,33.0,1.0,6.5,4.8,9.4,375.0,101.0,274.0,6.5,5.2,10.0,478.0,167.0,311.0,66.0,32.0,32.0,0.7272727272727273,33.0,4.0,1.0,4.0,1.0,21.0,14.0,8.0,23.0,50.0,100.0,2.0,1.0,1.0,2.0,0.0,,5.0,1.0,2.0,58.0,0.0,0.0,0.0,0.0,0.0,0.0,36.5,15.0,0.0,0.0,5-55,5.0,55.0,2.0,0.0,54.0,3.0,0.018867924528301886,Rams,2020.0
Bills,30.0,23.0,1.0,4.0,7.0,10.0,0.0,13.0,3.0,10.0,3.0,7.0,59.0,24.0,34.0,0.0,5.7,2.6,8.5,337.0,63.0,274.0,5.7,3.7,7.1,383.0,86.0,297.0,69.0,23.0,44.0,0.7058823529411765,34.0,2.0,0.0,1.0,2.0,24.0,14.0,5.0,21.0,53.0,100.0,2.0,0.0,2.0,2.0,1.0,1.0,4.0,0.75,3.0,46.3,38.0,16.0,38.0,16.0,0.0,0.0,0.0,23.5,0.0,0.0,5-81,5.0,81.0,2.0,0.0,54.0,4.0,0.018867924528301886,Vegas,2020.0
Bills,16.0,42.0,0.0,2.0,7.0,3.0,0.0,6.0,7.0,14.0,7.0,14.0,69.0,22.0,46.0,1.0,5.4,4.3,6.2,370.0,95.0,275.0,5.4,4.1,7.0,334.0,139.0,195.0,62.0,34.0,28.0,0.6304347826086957,46.0,2.0,2.0,1.0,0.0,22.0,16.0,7.0,23.0,76.0,0.0,0.0,0.0,0.0,0.0,1.0,1.0,1.0,1.0,2.0,64.0,-1.0,20.0,-1.0,40.0,0.0,0.0,23.0,17.5,0.0,0.0,10-56,10.0,56.0,2.0,0.0,54.0,5.0,0.018867924528301886,TitansTennessee,2020.0
Bills,17.0,26.0,0.0,2.0,3.0,7.0,0.0,7.0,7.0,6.0,7.0,6.0,50.0,23.0,27.0,0.0,4.1,3.7,4.5,206.0,84.0,122.0,4.1,5.3,8.7,466.0,245.0,221.0,73.0,46.0,26.0,0.5185185185185185,27.0,2.0,1.0,0.0,0.0,23.0,7.0,8.0,20.0,44.0,0.0,1.0,0.0,1.0,1.0,2.0,0.5,2.0,1.0,4.0,53.2,24.0,1.0,24.0,2.0,0.0,0.0,29.0,16.5,0.0,0.0,4-39,4.0,39.0,2.0,0.0,54.0,6.0,0.018867924528301886,City,2020.0
Bills,18.0,10.0,1.0,0.0,0.0,6.0,6.0,6.0,3.0,7.0,0.0,0.0,72.0,27.0,43.0,1.0,5.9,4.7,7.1,422.0,126.0,296.0,5.9,4.5,5.2,191.0,100.0,91.0,51.0,22.0,23.0,0.6976744186046512,43.0,0.0,0.0,2.0,0.0,27.0,16.0,9.0,26.0,27.0,0.0,6.0,2.0,0.0,2.0,8.0,0.75,0.0,0.0,0.0,,7.67,0.0,23.0,0.0,0.0,0.0,40.0,22.0,0.0,0.0,11-106,11.0,106.0,2.0,0.0,54.0,7.0,0.018867924528301886,Jets,2020.0
Bills,24.0,21.0,1.0,3.0,7.0,0.0,7.0,10.0,0.0,6.0,8.0,7.0,57.0,38.0,18.0,0.0,5.9,5.0,8.6,339.0,190.0,149.0,5.9,5.5,7.0,349.0,188.0,161.0,61.0,34.0,25.0,0.6111111111111112,18.0,0.0,1.0,1.0,3.0,38.0,7.0,14.0,22.0,45.0,0.0,2.0,0.0,1.0,1.0,1.0,1.0,3.0,1.0,3.0,40.7,0.0,15.0,0.0,15.0,0.0,0.0,24.0,17.666666666666668,0.0,0.0,5-30,5.0,30.0,2.0,0.0,54.0,8.0,0.018867924528301886,England,2020.0
Broncos,14.0,16.0,0.0,2.0,7.0,0.0,0.0,7.0,0.0,7.0,0.0,9.0,59.0,26.0,33.0,1.0,5.5,4.1,6.5,323.0,107.0,216.0,5.5,3.8,5.8,377.0,130.0,247.0,78.0,34.0,43.0,0.6666666666666666,33.0,1.0,0.0,0.0,1.0,26.0,12.0,6.0,19.0,33.0,0.0,1.0,0.0,0.0,0.0,0.0,,2.0,1.0,5.0,48.8,8.0,6.33,16.0,19.0,0.0,0.0,0.0,19.0,0.0,0.0,5-56,5.0,56.0,3.0,0.0,15.0,1.0,0.07547169811320754,TitansTennessee,2020.0
Broncos,21.0,26.0,0.0,2.0,0.0,3.0,11.0,7.0,7.0,10.0,0.0,9.0,72.0,26.0,39.0,1.0,4.4,4.0,7.1,319.0,104.0,215.0,4.4,5.0,7.6,410.0,109.0,301.0,64.0,22.0,41.0,0.48717948717948717,39.0,2.0,1.0,7.0,0.0,26.0,12.0,5.0,23.0,33.0,0.0,1.0,1.0,1.0,2.0,3.0,0.6666666666666666,1.0,1.0,4.0,42.2,7.5,12.5,15.0,25.0,0.0,0.0,18.666666666666668,29.333333333333332,0.0,0.0,4-30,4.0,30.0,3.0,0.0,15.0,2.0,0.07547169811320754,SteelersPittsburgh,2020.0
Broncos,10.0,28.0,0.0,1.0,0.0,10.0,0.0,0.0,10.0,13.0,5.0,0.0,59.0,14.0,39.0,0.0,3.8,3.0,5.9,226.0,42.0,184.0,3.8,2.7,7.8,353.0,68.0,285.0,65.0,25.0,38.0,0.6410256410256411,39.0,1.0,2.0,6.0,0.0,14.0,9.0,2.0,13.0,35.0,0.0,2.0,0.0,0.0,0.0,1.0,1.0,1.0,1.0,5.0,45.2,0.0,7.0,0.0,21.0,0.0,0.0,0.0,17.0,0.0,0.0,4-30,4.0,30.0,3.0,0.0,15.0,3.0,0.07547169811320754,Bay,2020.0
Broncos,37.0,28.0,1.0,4.0,3.0,14.0,7.0,13.0,7.0,6.0,3.0,12.0,63.0,32.0,31.0,0.0,5.7,3.7,7.8,359.0,117.0,242.0,5.7,5.4,5.6,321.0,129.0,192.0,74.0,24.0,44.0,0.6129032258064516,31.0,2.0,3.0,0.0,2.0,32.0,10.0,4.0,21.0,50.0,0.0,6.0,0.0,0.0,0.0,3.0,1.0,4.0,1.0,1.0,49.0,25.5,11.0,51.0,11.0,0.0,0.0,17.0,0.0,0.0,0.0,8-94,8.0,94.0,3.0,0.0,15.0,4.0,0.07547169811320754,Jets,2020.0
Broncos,18.0,12.0,1.0,0.0,6.0,6.0,6.0,0.0,0.0,3.0,0.0,9.0,63.0,37.0,24.0,0.0,4.7,3.6,7.9,299.0,135.0,164.0,4.7,4.7,7.2,288.0,117.0,171.0,56.0,25.0,27.0,0.4166666666666667,24.0,0.0,2.0,2.0,0.0,37.0,7.0,7.0,15.0,28.0,0.0,4.0,2.0,1.0,3.0,6.0,1.0,0.0,0.0,2.0,38.5,0.0,0.0,0.0,0.0,0.0,0.0,14.0,25.666666666666668,0.0,0.0,2-20,2.0,20.0,3.0,0.0,15.0,6.0,0.07547169811320754,England,2020.0
Broncos,16.0,43.0,0.0,2.0,6.0,3.0,0.0,7.0,10.0,14.0,6.0,13.0,76.0,33.0,40.0,2.0,5.4,5.4,6.3,411.0,177.0,234.0,5.4,4.6,8.5,286.0,101.0,185.0,51.0,22.0,25.0,0.6,40.0,0.0,2.0,3.0,2.0,33.0,11.0,12.0,24.0,35.0,0.0,4.0,0.0,1.0,1.0,1.0,1.0,2.0,0.5,3.0,53.7,0.0,5.25,0.0,21.0,0.0,0.0,0.0,61.5,1.0,0.0,5-34,5.0,34.0,3.0,0.0,15.0,7.0,0.07547169811320754,City,2020.0
Broncos,31.0,30.0,1.0,4.0,3.0,0.0,7.0,21.0,0.0,14.0,10.0,6.0,59.0,16.0,41.0,0.0,5.9,6.8,6.0,351.0,108.0,243.0,5.9,5.5,6.3,485.0,210.0,275.0,84.0,38.0,44.0,0.6341463414634146,41.0,3.0,1.0,2.0,1.0,16.0,11.0,3.0,17.0,38.0,0.0,2.0,2.0,0.0,2.0,1.0,1.0,4.0,1.0,6.0,54.2,8.0,12.67,8.0,38.0,0.0,0.0,23.0,26.0,0.0,0.0,8-70,8.0,70.0,3.0,0.0,15.0,8.0,0.07547169811320754,Chargers,2020.0
Browns,6.0,38.0,0.0,1.0,6.0,0.0,0.0,0.0,10.0,14.0,7.0,7.0,68.0,27.0,39.0,2.0,4.5,5.1,4.8,306.0,138.0,168.0,4.5,3.7,10.9,381.0,111.0,270.0,58.0,30.0,26.0,0.5384615384615384,39.0,1.0,1.0,2.0,0.0,27.0,10.0,6.0,20.0,25.0,0.0,2.0,0.0,1.0,1.0,1.0,0.0,1.0,0.0,3.0,45.7,1.0,13.0,1.0,26.0,0.0,0.0,0.0,32.0,0.0,0.0,8-80,8.0,80.0,0.0,0.0,10.0,1.0,0.07547169811320754,RavensBaltimore,2020.0
Browns,35.0,30.0,1.0,5.0,7.0,14.0,7.0,7.0,3.0,10.0,3.0,14.0,58.0,35.0,23.0,0.0,7.5,6.1,9.5,434.0,215.0,219.0,7.5,2.8,5.2,353.0,68.0,285.0,88.0,24.0,61.0,0.6956521739130435,23.0,2.0,1.0,0.0,3.0,35.0,9.0,14.0,23.0,62.0,50.0,3.0,0.0,1.0,1.0,0.0,,5.0,1.0,1.0,43.0,13.0,0.0,13.0,0.0,0.0,0.0,0.0,43.5,0.0,0.0,8-76,8.0,76.0,0.0,0.0,10.0,2.0,0.07547169811320754,BengalsCincinnati,2020.0
Browns,34.0,20.0,1.0,4.0,0.0,17.0,0.0,17.0,7.0,0.0,13.0,0.0,62.0,37.0,23.0,0.0,4.8,4.3,6.8,300.0,158.0,142.0,4.8,4.7,6.1,309.0,103.0,206.0,62.0,22.0,37.0,0.6956521739130435,23.0,2.0,0.0,2.0,2.0,37.0,12.0,6.0,19.0,35.0,100.0,3.0,3.0,2.0,5.0,2.0,1.0,4.0,1.0,5.0,45.8,5.5,3.835,11.0,23.0,0.0,0.0,31.0,0.0,0.0,0.0,6-50,6.0,50.0,0.0,0.0,10.0,3.0,0.07547169811320754,TeamWashington,2020.0
Browns,49.0,38.0,1.0,6.0,7.0,24.0,10.0,8.0,14.0,0.0,0.0,24.0,73.0,40.0,31.0,0.0,7.0,7.7,6.5,508.0,307.0,201.0,7.0,4.7,8.7,566.0,85.0,481.0,79.0,18.0,58.0,0.6451612903225806,31.0,3.0,0.0,2.0,3.0,40.0,14.0,16.0,33.0,45.0,0.0,3.0,1.0,2.0,3.0,2.0,1.0,5.0,1.0,4.0,42.8,13.0,14.67,13.0,32.0,0.0,0.0,20.25,21.75,0.0,0.0,5-40,5.0,40.0,0.0,0.0,10.0,4.0,0.07547169811320754,CowboysDallas,2020.0
Browns,32.0,23.0,1.0,2.0,3.0,17.0,7.0,5.0,7.0,3.0,10.0,3.0,72.0,33.0,38.0,0.0,5.3,3.8,7.0,385.0,124.0,261.0,5.3,3.8,7.4,308.0,68.0,240.0,52.0,18.0,33.0,0.5789473684210527,38.0,2.0,2.0,1.0,0.0,33.0,15.0,7.0,22.0,58.0,100.0,1.0,2.0,0.0,2.0,3.0,1.0,3.0,1.0,2.0,46.5,5.0,7.0,5.0,7.0,0.0,0.0,19.8,42.4,1.0,0.0,2-10,2.0,10.0,0.0,0.0,10.0,5.0,0.07547169811320754,ColtsIndianapolis,2020.0
Browns,7.0,38.0,0.0,1.0,0.0,7.0,0.0,0.0,10.0,14.0,7.0,7.0,54.0,22.0,28.0,0.0,4.1,3.4,5.9,220.0,75.0,145.0,4.1,3.5,7.3,277.0,129.0,148.0,62.0,37.0,23.0,0.5357142857142857,28.0,1.0,2.0,4.0,0.0,22.0,8.0,2.0,12.0,8.0,0.0,2.0,0.0,0.0,0.0,0.0,,1.0,1.0,6.0,40.3,3.0,12.33,6.0,37.0,0.0,0.0,20.4,28.0,0.0,0.0,7-55,7.0,55.0,0.0,0.0,10.0,6.0,0.07547169811320754,SteelersPittsburgh,2020.0
Browns,37.0,34.0,1.0,5.0,3.0,7.0,7.0,20.0,7.0,10.0,3.0,14.0,51.0,22.0,29.0,0.0,7.8,3.7,10.9,398.0,82.0,316.0,7.8,3.9,8.8,468.0,81.0,387.0,73.0,21.0,48.0,0.7931034482758621,29.0,5.0,1.0,0.0,0.0,22.0,16.0,5.0,23.0,71.0,0.0,4.0,1.0,1.0,2.0,1.0,1.0,5.0,0.8,1.0,50.0,0.0,0.0,0.0,11.0,0.0,0.0,21.5,18.75,0.0,0.0,5-40,5.0,40.0,0.0,0.0,10.0,7.0,0.07547169811320754,BengalsCincinnati,2020.0
Browns,6.0,16.0,0.0,0.0,0.0,3.0,3.0,0.0,0.0,6.0,0.0,10.0,47.0,22.0,25.0,1.0,4.7,4.6,4.9,223.0,101.0,122.0,4.7,4.6,4.6,309.0,209.0,100.0,71.0,45.0,24.0,0.48,25.0,0.0,0.0,0.0,0.0,22.0,5.0,8.0,14.0,30.0,100.0,2.0,0.0,0.0,0.0,3.0,0.6666666666666666,0.0,0.0,2.0,54.5,0.0,0.0,0.0,13.0,0.0,0.0,33.0,16.5,0.0,0.0,7-59,7.0,59.0,0.0,0.0,10.0,8.0,0.07547169811320754,Vegas,2020.0
Buccaneers,23.0,34.0,0.0,3.0,7.0,0.0,10.0,6.0,0.0,17.0,7.0,10.0,65.0,26.0,36.0,1.0,4.8,3.3,6.6,310.0,86.0,224.0,4.8,2.4,6.4,271.0,82.0,189.0,66.0,34.0,31.0,0.6388888888888888,36.0,2.0,2.0,3.0,1.0,26.0,10.0,7.0,23.0,38.0,100.0,1.0,0.0,0.0,0.0,2.0,0.5,2.0,1.0,5.0,47.2,0.0,14.75,0.0,59.0,0.0,0.0,0.0,0.0,0.0,0.0,9-103,9.0,103.0,0.0,0.0,13.0,1.0,0.018867924528301886,Orleans,2020.0
Buccaneers,31.0,17.0,1.0,4.0,14.0,7.0,0.0,10.0,0.0,0.0,7.0,10.0,57.0,22.0,35.0,1.0,5.9,5.5,6.2,339.0,122.0,217.0,5.9,3.6,8.7,427.0,87.0,340.0,71.0,24.0,42.0,0.6571428571428571,35.0,1.0,1.0,0.0,3.0,22.0,11.0,5.0,20.0,45.0,0.0,5.0,2.0,2.0,4.0,1.0,1.0,4.0,1.0,4.0,42.0,0.0,-0.5,0.0,-1.0,0.0,0.0,0.0,0.0,0.0,0.0,5-37,5.0,37.0,0.0,0.0,13.0,2.0,0.018867924528301886,PanthersCarolina,2020.0
Buccaneers,28.0,10.0,1.0,3.0,10.0,13.0,5.0,0.0,0.0,10.0,0.0,0.0,65.0,25.0,38.0,0.0,5.4,2.7,7.8,353.0,68.0,285.0,5.4,3.0,5.9,226.0,42.0,184.0,59.0,14.0,39.0,0.6578947368421053,38.0,3.0,0.0,2.0,0.0,25.0,12.0,5.0,17.0,50.0,100.0,6.0,2.0,0.0,2.0,2.0,1.0,3.0,0.6666666666666666,5.0,43.8,7.0,0.0,21.0,0.0,0.0,0.0,17.0,0.0,0.0,0.0,9-71,9.0,71.0,0.0,0.0,13.0,3.0,0.018867924528301886,BroncosDenver,2020.0
Buccaneers,38.0,31.0,1.0,5.0,7.0,7.0,14.0,10.0,14.0,10.0,7.0,0.0,73.0,27.0,46.0,0.0,6.6,4.3,8.0,484.0,115.0,369.0,6.6,2.0,11.6,324.0,46.0,278.0,50.0,23.0,25.0,0.6521739130434783,46.0,5.0,1.0,0.0,0.0,27.0,20.0,6.0,28.0,45.0,0.0,2.0,1.0,1.0,2.0,2.0,0.5,5.0,1.0,3.0,57.0,9.0,10.0,27.0,10.0,0.0,0.0,28.5,0.0,0.0,0.0,8-90,8.0,90.0,0.0,0.0,13.0,4.0,0.018867924528301886,Chargers,2020.0
Buccaneers,19.0,20.0,0.0,1.0,10.0,3.0,3.0,3.0,0.0,14.0,0.0,6.0,64.0,20.0,41.0,1.0,5.3,5.3,6.2,339.0,106.0,233.0,5.3,2.5,5.8,243.0,35.0,208.0,59.0,14.0,42.0,0.6097560975609756,41.0,1.0,0.0,3.0,0.0,20.0,11.0,4.0,18.0,28.0,50.0,3.0,1.0,0.0,1.0,4.0,1.0,1.0,1.0,3.0,46.7,10.0,6.0,20.0,6.0,0.0,0.0,25.0,39.666666666666664,0.0,0.0,11-109,11.0,109.0,0.0,0.0,13.0,5.0,0.018867924528301886,BearsChicago,2020.0
Buccaneers,38.0,10.0,1.0,4.0,0.0,28.0,10.0,0.0,10.0,0.0,0.0,0.0,63.0,35.0,28.0,0.0,5.1,4.5,5.9,324.0,158.0,166.0,5.1,4.5,4.6,201.0,94.0,107.0,61.0,21.0,35.0,0.6071428571428571,28.0,2.0,0.0,0.0,2.0,35.0,9.0,9.0,21.0,41.0,0.0,5.0,2.0,0.0,2.0,1.0,1.0,5.0,1.0,5.0,38.4,7.5,0.0,30.0,0.0,0.0,0.0,20.0,0.0,0.0,0.0,0-0,0.0,0.0,0.0,0.0,13.0,6.0,0.018867924528301886,Bay,2020.0
Buccaneers,45.0,20.0,1.0,6.0,7.0,14.0,3.0,21.0,7.0,3.0,7.0,3.0,70.0,25.0,45.0,0.0,6.5,3.4,8.2,454.0,85.0,369.0,6.5,3.2,7.9,347.0,76.0,271.0,63.0,24.0,36.0,0.7333333333333333,45.0,4.0,0.0,0.0,2.0,25.0,22.0,5.0,29.0,58.0,100.0,3.0,1.0,0.0,1.0,1.0,1.0,6.0,1.0,3.0,42.7,0.0,0.0,0.0,0.0,0.0,0.0,24.5,4.0,0.0,0.0,4-20,4.0,20.0,0.0,0.0,13.0,7.0,0.018867924528301886,Vegas,2020.0
Buccaneers,25.0,23.0,1.0,2.0,3.0,3.0,9.0,10.0,7.0,7.0,3.0,6.0,66.0,24.0,40.0,1.0,5.2,3.4,7.0,344.0,81.0,263.0,5.2,4.2,6.5,357.0,101.0,256.0,69.0,24.0,42.0,0.7,40.0,2.0,0.0,2.0,0.0,24.0,18.0,3.0,23.0,33.0,100.0,3.0,2.0,0.0,2.0,4.0,1.0,1.0,1.0,3.0,42.0,0.0,11.0,0.0,11.0,0.0,0.0,23.0,32.666666666666664,0.0,0.0,3-20,3.0,20.0,0.0,0.0,13.0,8.0,0.018867924528301886,Giants,2020.0
Colts,20.0,27.0,0.0,2.0,7.0,10.0,0.0,3.0,0.0,14.0,3.0,10.0,69.0,22.0,46.0,0.0,6.4,4.0,7.9,445.0,88.0,357.0,6.4,4.0,8.7,241.0,91.0,150.0,47.0,23.0,20.0,0.782608695652174,46.0,1.0,2.0,1.0,1.0,22.0,17.0,5.0,27.0,33.0,33.0,4.0,0.0,0.0,0.0,3.0,0.6666666666666666,2.0,1.0,0.0,,0.0,0.0,0.0,0.0,0.0,0.0,30.0,25.0,0.0,0.0,5-80,5.0,80.0,2.0,0.0,34.0,1.0,0.05660377358490566,JaguarsJacksonville,2020.0
Colts,28.0,11.0,1.0,2.0,0.0,15.0,3.0,10.0,3.0,0.0,0.0,8.0,67.0,40.0,25.0,0.0,5.3,3.8,8.6,354.0,151.0,203.0,5.3,4.4,4.3,175.0,80.0,95.0,47.0,18.0,26.0,0.76,25.0,1.0,1.0,2.0,1.0,40.0,10.0,11.0,24.0,27.0,100.0,3.0,3.0,0.0,3.0,4.0,1.0,2.0,1.0,2.0,43.5,10.0,0.0,40.0,0.0,0.0,0.0,13.5,19.25,0.0,0.0,9-93,9.0,93.0,2.0,0.0,34.0,2.0,0.05660377358490566,VikingsMinnesota,2020.0
Colts,36.0,7.0,1.0,2.0,7.0,10.0,14.0,5.0,7.0,0.0,0.0,0.0,56.0,31.0,25.0,0.0,6.3,3.8,9.4,353.0,119.0,234.0,6.3,3.8,5.8,260.0,109.0,151.0,60.0,29.0,29.0,0.76,25.0,1.0,0.0,0.0,1.0,31.0,14.0,6.0,21.0,30.0,100.0,2.0,3.0,0.0,3.0,3.0,0.6666666666666666,4.0,1.0,4.0,43.8,12.0,0.0,24.0,0.0,0.0,0.0,8.0,18.75,0.0,0.0,4-40,4.0,40.0,2.0,0.0,34.0,3.0,0.05660377358490566,Jets,2020.0
Colts,19.0,11.0,1.0,1.0,7.0,6.0,3.0,3.0,0.0,3.0,0.0,8.0,68.0,38.0,29.0,0.0,4.2,2.7,6.6,289.0,103.0,186.0,4.2,1.8,5.9,269.0,28.0,241.0,59.0,16.0,42.0,0.5517241379310345,29.0,1.0,0.0,1.0,0.0,38.0,9.0,5.0,18.0,42.0,50.0,1.0,1.0,0.0,1.0,4.0,1.0,1.0,1.0,5.0,50.4,10.5,6.0,42.0,18.0,0.0,0.0,28.0,18.25,0.0,0.0,8-76,8.0,76.0,2.0,0.0,34.0,4.0,0.05660377358490566,BearsChicago,2020.0
Colts,23.0,32.0,0.0,1.0,7.0,3.0,10.0,3.0,3.0,17.0,7.0,5.0,52.0,18.0,33.0,0.0,5.9,3.8,7.4,308.0,68.0,240.0,5.9,3.8,7.0,385.0,124.0,261.0,72.0,33.0,38.0,0.6363636363636364,33.0,0.0,2.0,1.0,1.0,18.0,10.0,4.0,15.0,36.0,100.0,1.0,2.0,0.0,2.0,3.0,1.0,2.0,1.0,1.0,54.0,7.0,5.0,7.0,5.0,0.0,0.0,42.4,19.8,0.0,1.0,5-34,5.0,34.0,2.0,0.0,34.0,5.0,0.05660377358490566,BrownsCleveland,2020.0
Colts,31.0,27.0,1.0,4.0,0.0,21.0,0.0,10.0,14.0,10.0,3.0,0.0,60.0,15.0,44.0,1.0,7.2,3.9,8.4,430.0,59.0,371.0,7.2,3.1,8.0,398.0,98.0,300.0,73.0,32.0,39.0,0.6590909090909091,44.0,3.0,1.0,1.0,1.0,15.0,18.0,5.0,23.0,63.0,0.0,2.0,1.0,0.0,1.0,1.0,1.0,4.0,1.0,3.0,45.7,8.5,6.0,17.0,12.0,0.0,0.0,25.0,20.0,0.0,0.0,6-55,6.0,55.0,2.0,0.0,34.0,6.0,0.05660377358490566,BengalsCincinnati,2020.0
Colts,41.0,21.0,1.0,5.0,0.0,20.0,0.0,21.0,7.0,0.0,7.0,7.0,75.0,39.0,34.0,0.0,4.9,3.1,7.7,366.0,119.0,247.0,4.9,2.2,8.0,326.0,29.0,297.0,60.0,13.0,42.0,0.6764705882352942,34.0,3.0,0.0,2.0,2.0,39.0,15.0,9.0,26.0,50.0,100.0,5.0,1.0,1.0,2.0,0.0,,5.0,0.6,4.0,46.0,12.0,2.0,12.0,2.0,0.0,0.0,25.25,31.0,0.0,0.0,3-19,3.0,19.0,2.0,0.0,34.0,8.0,0.05660377358490566,LionsDetroit,2020.0
Cardinals,24.0,20.0,1.0,3.0,7.0,3.0,0.0,14.0,10.0,3.0,0.0,7.0,78.0,36.0,40.0,0.0,5.2,5.0,5.8,404.0,180.0,224.0,5.2,4.9,7.8,366.0,123.0,243.0,61.0,25.0,33.0,0.65,40.0,1.0,1.0,2.0,2.0,36.0,12.0,13.0,29.0,50.0,0.0,3.0,0.0,0.0,0.0,3.0,0.3333333333333333,3.0,1.0,4.0,47.8,4.0,18.5,8.0,29.0,0.0,0.0,42.0,16.0,0.0,0.0,9-102,9.0,102.0,8.0,0.0,10.0,1.0,0.018867924528301886,Francisco,2020.0
Cardinals,30.0,15.0,1.0,3.0,14.0,6.0,0.0,10.0,0.0,0.0,3.0,12.0,73.0,32.0,38.0,0.0,6.0,5.0,7.5,438.0,160.0,278.0,6.0,5.1,6.8,316.0,117.0,199.0,60.0,23.0,33.0,0.6842105263157895,38.0,1.0,1.0,3.0,2.0,32.0,13.0,8.0,22.0,41.0,100.0,4.0,0.0,2.0,2.0,3.0,1.0,3.0,1.0,4.0,49.2,2.5,4.5,5.0,17.0,0.0,0.0,0.0,14.0,0.0,0.0,11-97,11.0,97.0,8.0,0.0,10.0,2.0,0.018867924528301886,TeamWashington,2020.0
Cardinals,23.0,26.0,0.0,3.0,7.0,6.0,10.0,0.0,3.0,14.0,3.0,6.0,63.0,27.0,35.0,0.0,6.0,4.0,7.7,377.0,109.0,268.0,6.0,3.3,8.7,322.0,90.0,232.0,62.0,27.0,31.0,0.6571428571428571,35.0,2.0,3.0,1.0,1.0,27.0,16.0,10.0,28.0,40.0,100.0,4.0,0.0,0.0,0.0,1.0,1.0,3.0,0.6666666666666666,2.0,46.0,0.0,19.0,0.0,19.0,0.0,0.0,19.8,24.0,0.0,0.0,7-38,7.0,38.0,8.0,0.0,10.0,3.0,0.018867924528301886,LionsDetroit,2020.0
Cardinals,21.0,31.0,0.0,3.0,0.0,7.0,7.0,7.0,14.0,7.0,7.0,3.0,55.0,23.0,31.0,1.0,4.8,5.6,4.3,262.0,129.0,133.0,4.8,4.8,7.5,444.0,168.0,276.0,72.0,35.0,37.0,0.7741935483870968,31.0,3.0,0.0,1.0,0.0,23.0,11.0,6.0,21.0,33.0,0.0,0.0,1.0,0.0,1.0,0.0,,3.0,1.0,5.0,41.4,0.0,3.0,0.0,6.0,0.0,0.0,0.0,21.0,0.0,0.0,5-29,5.0,29.0,8.0,0.0,10.0,4.0,0.018867924528301886,PanthersCarolina,2020.0
Cardinals,30.0,10.0,1.0,4.0,7.0,10.0,7.0,6.0,0.0,3.0,7.0,0.0,68.0,30.0,37.0,0.0,7.3,4.2,10.3,496.0,127.0,369.0,7.3,4.4,5.9,285.0,123.0,162.0,64.0,28.0,33.0,0.7297297297297297,37.0,1.0,1.0,1.0,3.0,30.0,17.0,9.0,28.0,41.0,100.0,3.0,0.0,0.0,0.0,1.0,1.0,3.0,1.0,4.0,41.8,2.67,9.0,8.0,9.0,0.0,0.0,31.0,10.75,0.0,0.0,10-59,10.0,59.0,8.0,0.0,10.0,5.0,0.018867924528301886,Jets,2020.0
Cardinals,38.0,10.0,1.0,5.0,0.0,21.0,7.0,10.0,0.0,3.0,0.0,7.0,60.0,35.0,24.0,0.0,7.3,7.5,7.8,438.0,261.0,177.0,7.3,3.6,4.9,344.0,97.0,247.0,84.0,27.0,54.0,0.375,24.0,2.0,0.0,1.0,3.0,35.0,7.0,13.0,22.0,53.0,100.0,3.0,2.0,2.0,4.0,1.0,1.0,5.0,1.0,4.0,37.8,-1.0,0.5,-1.0,1.0,0.0,0.0,0.0,28.0,0.0,0.0,7-43,7.0,43.0,8.0,0.0,10.0,6.0,0.018867924528301886,CowboysDallas,2020.0
Cardinals,37.0,34.0,1.0,4.0,7.0,10.0,7.0,10.0,10.0,17.0,0.0,7.0,81.0,33.0,48.0,1.0,6.4,4.8,7.5,519.0,159.0,360.0,6.4,6.7,7.8,572.0,200.0,372.0,82.0,30.0,50.0,0.7083333333333334,48.0,3.0,1.0,0.0,1.0,33.0,17.0,11.0,31.0,41.0,50.0,2.0,3.0,0.0,3.0,4.0,0.75,4.0,1.0,2.0,47.5,10.0,0.0,10.0,0.0,0.0,0.0,21.0,14.5,0.0,0.0,6-40,6.0,40.0,8.0,0.0,10.0,7.0,0.018867924528301886,SeahawksSeattle,2020.0
Chargers,16.0,13.0,1.0,1.0,0.0,6.0,0.0,10.0,7.0,0.0,6.0,0.0,71.0,39.0,30.0,0.0,5.1,4.0,6.9,362.0,155.0,207.0,5.1,4.4,5.4,295.0,122.0,173.0,67.0,28.0,36.0,0.5333333333333333,30.0,0.0,0.0,2.0,1.0,39.0,10.0,7.0,19.0,37.0,0.0,3.0,1.0,1.0,2.0,4.0,0.75,1.0,1.0,5.0,48.8,3.5,14.5,7.0,29.0,0.0,0.0,46.0,44.0,0.0,0.0,6-35,6.0,35.0,2.0,0.0,6.0,1.0,0.1320754716981132,BengalsCincinnati,2020.0
Chargers,20.0,23.0,0.0,2.0,7.0,7.0,3.0,3.0,0.0,6.0,3.0,11.0,79.0,44.0,33.0,0.0,6.1,4.2,9.4,479.0,183.0,296.0,6.1,5.7,6.4,414.0,125.0,289.0,70.0,22.0,47.0,0.6666666666666666,33.0,1.0,1.0,2.0,1.0,44.0,14.0,13.0,28.0,46.0,50.0,1.0,0.0,0.0,0.0,2.0,1.0,2.0,1.0,3.0,43.7,3.0,16.0,3.0,16.0,0.0,0.0,21.25,31.0,0.0,0.0,6-40,6.0,40.0,2.0,0.0,6.0,2.0,0.1320754716981132,City,2020.0
Chargers,16.0,21.0,0.0,2.0,0.0,7.0,3.0,6.0,6.0,12.0,0.0,3.0,74.0,23.0,49.0,3.0,5.9,5.1,6.7,436.0,117.0,319.0,5.9,3.9,8.4,302.0,81.0,221.0,51.0,21.0,28.0,0.7142857142857143,49.0,1.0,1.0,2.0,1.0,23.0,18.0,7.0,26.0,66.0,0.0,2.0,0.0,0.0,0.0,1.0,1.0,1.0,1.0,3.0,39.7,5.0,8.0,10.0,8.0,0.0,0.0,23.0,35.0,0.0,0.0,8-60,8.0,60.0,2.0,0.0,6.0,3.0,0.1320754716981132,PanthersCarolina,2020.0
Chargers,31.0,38.0,0.0,3.0,14.0,10.0,7.0,0.0,7.0,7.0,14.0,10.0,50.0,23.0,25.0,1.0,6.5,2.0,11.6,324.0,46.0,278.0,6.5,4.3,8.0,484.0,115.0,369.0,73.0,27.0,46.0,0.8,25.0,3.0,1.0,2.0,0.0,23.0,9.0,4.0,15.0,40.0,100.0,0.0,1.0,0.0,1.0,2.0,0.5,4.0,1.0,3.0,53.3,10.0,9.0,10.0,27.0,0.0,0.0,0.0,28.5,0.0,0.0,7-60,7.0,60.0,2.0,0.0,6.0,4.0,0.1320754716981132,Bay,2020.0
Chargers,27.0,30.0,0.0,4.0,6.0,14.0,0.0,7.0,3.0,7.0,3.0,14.0,69.0,32.0,34.0,0.0,5.1,3.5,7.8,350.0,111.0,239.0,5.1,3.8,6.8,408.0,95.0,313.0,75.0,25.0,48.0,0.5882352941176471,34.0,4.0,0.0,3.0,0.0,32.0,12.0,5.0,19.0,47.0,0.0,2.0,1.0,0.0,1.0,1.0,0.0,4.0,0.75,7.0,48.4,9.0,11.5,9.0,69.0,0.0,0.0,17.5,29.333333333333332,0.0,0.0,1-10,1.0,10.0,2.0,0.0,6.0,5.0,0.1320754716981132,Orleans,2020.0
Chargers,39.0,29.0,1.0,5.0,9.0,7.0,20.0,3.0,0.0,14.0,15.0,0.0,77.0,32.0,44.0,0.0,6.3,4.2,8.0,484.0,135.0,349.0,6.3,5.2,6.4,294.0,140.0,154.0,59.0,27.0,27.0,0.6363636363636364,44.0,3.0,0.0,1.0,2.0,32.0,16.0,9.0,29.0,42.0,0.0,5.0,0.0,1.0,1.0,3.0,0.6666666666666666,4.0,0.75,3.0,46.0,2.33,12.0,7.0,36.0,0.0,0.0,14.5,22.25,0.0,0.0,3-35,3.0,35.0,2.0,0.0,6.0,7.0,0.1320754716981132,JaguarsJacksonville,2020.0
Chargers,30.0,31.0,0.0,3.0,0.0,14.0,10.0,6.0,3.0,0.0,7.0,21.0,84.0,38.0,44.0,0.0,5.8,5.5,6.3,485.0,210.0,275.0,5.8,6.8,6.0,351.0,108.0,243.0,59.0,16.0,41.0,0.6590909090909091,44.0,3.0,2.0,2.0,0.0,38.0,15.0,10.0,28.0,43.0,0.0,2.0,1.0,0.0,1.0,3.0,1.0,3.0,1.0,3.0,39.0,12.67,8.0,38.0,8.0,0.0,0.0,26.0,23.0,0.0,0.0,6-67,6.0,67.0,2.0,0.0,6.0,8.0,0.1320754716981132,BroncosDenver,2020.0
Chiefs,34.0,20.0,1.0,4.0,0.0,17.0,7.0,10.0,7.0,0.0,0.0,13.0,67.0,34.0,32.0,0.0,5.5,4.9,6.6,369.0,166.0,203.0,5.5,5.4,7.9,360.0,118.0,242.0,58.0,22.0,32.0,0.75,32.0,3.0,0.0,1.0,1.0,34.0,16.0,9.0,28.0,53.0,100.0,4.0,1.0,0.0,1.0,2.0,1.0,4.0,1.0,3.0,45.3,0.0,19.0,0.0,19.0,0.0,0.0,24.0,22.0,0.0,0.0,1-5,1.0,5.0,9.0,1.0,32.0,1.0,0.11320754716981132,TexansHouston,2020.0
Chiefs,23.0,20.0,1.0,2.0,0.0,6.0,3.0,11.0,7.0,7.0,3.0,3.0,70.0,22.0,47.0,0.0,5.9,5.7,6.4,414.0,125.0,289.0,5.9,4.2,9.4,479.0,183.0,296.0,79.0,44.0,33.0,0.574468085106383,47.0,2.0,0.0,1.0,0.0,22.0,15.0,8.0,23.0,46.0,100.0,2.0,1.0,0.0,1.0,3.0,1.0,1.0,0.0,5.0,44.2,16.0,3.0,16.0,3.0,0.0,0.0,31.0,21.25,0.0,0.0,11-90,11.0,90.0,9.0,1.0,32.0,2.0,0.11320754716981132,Chargers,2020.0
Chiefs,34.0,20.0,1.0,5.0,6.0,21.0,0.0,7.0,3.0,7.0,3.0,7.0,73.0,31.0,42.0,1.0,7.1,4.3,9.2,517.0,132.0,385.0,7.1,7.5,3.5,228.0,158.0,70.0,53.0,21.0,28.0,0.7380952380952381,42.0,4.0,0.0,0.0,1.0,31.0,22.0,5.0,29.0,76.0,0.0,4.0,0.0,1.0,1.0,1.0,0.0,5.0,0.8,1.0,58.0,7.0,16.0,7.0,16.0,0.0,0.0,19.0,59.5,1.0,0.0,6-38,6.0,38.0,9.0,1.0,32.0,3.0,0.11320754716981132,RavensBaltimore,2020.0
Chiefs,26.0,10.0,1.0,2.0,6.0,0.0,7.0,13.0,0.0,3.0,0.0,7.0,55.0,25.0,29.0,1.0,5.9,3.8,8.1,323.0,94.0,229.0,5.9,5.3,5.1,357.0,185.0,172.0,74.0,35.0,37.0,0.6551724137931034,29.0,2.0,0.0,1.0,0.0,25.0,12.0,5.0,19.0,36.0,0.0,2.0,3.0,1.0,4.0,2.0,1.0,3.0,0.6666666666666666,4.0,60.8,0.0,6.0,0.0,12.0,0.0,0.0,0.0,0.0,0.0,0.0,4-38,4.0,38.0,9.0,1.0,32.0,4.0,0.11320754716981132,England,2020.0
Chiefs,32.0,40.0,0.0,4.0,7.0,17.0,0.0,8.0,3.0,21.0,0.0,16.0,66.0,20.0,43.0,0.0,6.3,4.0,7.9,413.0,80.0,333.0,6.3,4.1,11.2,490.0,144.0,346.0,67.0,35.0,31.0,0.5116279069767442,43.0,2.0,1.0,3.0,2.0,20.0,15.0,3.0,21.0,42.0,50.0,1.0,1.0,0.0,1.0,1.0,1.0,3.0,1.0,5.0,48.8,0.0,0.0,0.0,0.0,0.0,0.0,22.5,15.0,0.0,0.0,10-94,10.0,94.0,9.0,1.0,32.0,5.0,0.11320754716981132,Vegas,2020.0
Chiefs,26.0,17.0,1.0,3.0,7.0,6.0,7.0,6.0,3.0,7.0,0.0,7.0,73.0,46.0,26.0,1.0,6.4,5.3,8.7,466.0,245.0,221.0,6.4,3.7,4.5,206.0,84.0,122.0,50.0,23.0,27.0,0.8076923076923077,26.0,2.0,0.0,1.0,1.0,46.0,10.0,15.0,27.0,64.0,100.0,0.0,1.0,0.0,1.0,2.0,1.0,3.0,0.6666666666666666,2.0,40.0,1.0,24.0,2.0,24.0,0.0,0.0,16.5,29.0,0.0,0.0,8-68,8.0,68.0,9.0,1.0,32.0,6.0,0.11320754716981132,BillsBuffalo,2020.0
Chiefs,43.0,16.0,1.0,3.0,10.0,14.0,6.0,13.0,6.0,3.0,0.0,7.0,51.0,22.0,25.0,1.0,5.6,4.6,8.5,286.0,101.0,185.0,5.6,5.4,6.3,411.0,177.0,234.0,76.0,33.0,40.0,0.68,25.0,1.0,0.0,4.0,2.0,22.0,9.0,7.0,17.0,,0.0,3.0,2.0,2.0,4.0,3.0,1.0,5.0,0.8,3.0,44.3,10.5,0.0,21.0,0.0,0.0,0.0,61.5,0.0,0.0,1.0,1-15,1.0,15.0,9.0,1.0,32.0,7.0,0.11320754716981132,BroncosDenver,2020.0
Chiefs,35.0,9.0,1.0,5.0,14.0,7.0,7.0,7.0,3.0,6.0,0.0,0.0,67.0,20.0,47.0,0.0,7.4,2.5,9.5,496.0,50.0,446.0,7.4,3.7,4.4,221.0,93.0,128.0,56.0,25.0,30.0,0.7446808510638298,47.0,5.0,0.0,0.0,0.0,20.0,21.0,3.0,25.0,53.0,33.0,1.0,0.0,1.0,1.0,0.0,,5.0,1.0,3.0,40.7,7.0,0.0,14.0,0.0,0.0,0.0,26.0,17.0,0.0,0.0,7-61,7.0,61.0,9.0,1.0,32.0,8.0,0.11320754716981132,Jets,2020.0
Cowboys,17.0,20.0,0.0,2.0,0.0,14.0,3.0,0.0,7.0,6.0,7.0,0.0,69.0,27.0,39.0,0.0,5.5,5.0,6.8,380.0,136.0,244.0,5.5,3.8,8.9,422.0,153.0,269.0,72.0,40.0,31.0,0.6410256410256411,39.0,1.0,0.0,3.0,1.0,27.0,14.0,9.0,24.0,25.0,33.0,1.0,1.0,0.0,1.0,2.0,0.5,2.0,1.0,4.0,39.0,10.0,0.0,20.0,0.0,0.0,0.0,24.0,20.0,0.0,0.0,7-50,7.0,50.0,3.0,0.0,17.0,1.0,0.1509433962264151,Rams,2020.0
Cowboys,40.0,39.0,1.0,5.0,0.0,10.0,14.0,16.0,20.0,9.0,0.0,10.0,81.0,31.0,49.0,3.0,7.0,4.0,9.2,570.0,125.0,445.0,7.0,3.3,7.4,380.0,113.0,267.0,72.0,34.0,37.0,0.6938775510204082,49.0,1.0,0.0,1.0,4.0,31.0,20.0,9.0,33.0,53.0,0.0,1.0,0.0,0.0,0.0,2.0,1.0,4.0,1.0,1.0,43.0,1.5,0.0,3.0,0.0,0.0,0.0,21.2,20.666666666666668,0.0,0.0,7-75,7.0,75.0,3.0,0.0,17.0,2.0,0.1509433962264151,FalconsAtlanta,2020.0
Cowboys,31.0,38.0,0.0,4.0,9.0,6.0,7.0,9.0,9.0,14.0,7.0,8.0,80.0,21.0,57.0,1.0,6.5,2.9,8.3,522.0,61.0,461.0,6.5,4.5,7.9,412.0,117.0,295.0,70.0,26.0,40.0,0.6491228070175439,57.0,3.0,2.0,2.0,1.0,21.0,20.0,5.0,27.0,46.0,100.0,4.0,0.0,1.0,1.0,2.0,1.0,3.0,0.3333333333333333,3.0,46.3,5.835,0.0,33.0,0.0,0.0,0.0,0.0,13.0,0.0,0.0,10-59,10.0,59.0,3.0,0.0,17.0,3.0,0.1509433962264151,SeahawksSeattle,2020.0
Cowboys,38.0,49.0,0.0,5.0,14.0,0.0,0.0,24.0,7.0,24.0,10.0,8.0,79.0,18.0,58.0,2.0,7.2,4.7,8.7,566.0,85.0,481.0,7.2,7.7,6.5,508.0,307.0,201.0,73.0,40.0,31.0,0.7068965517241379,58.0,4.0,1.0,3.0,1.0,18.0,29.0,6.0,35.0,54.0,50.0,2.0,0.0,0.0,0.0,0.0,,2.0,1.0,3.0,44.3,7.335,6.5,32.0,13.0,0.0,0.0,21.75,20.25,0.0,0.0,6-65,6.0,65.0,3.0,0.0,17.0,4.0,0.1509433962264151,BrownsCleveland,2020.0
Cowboys,37.0,34.0,1.0,3.0,3.0,21.0,7.0,6.0,14.0,6.0,3.0,11.0,64.0,29.0,33.0,1.0,6.3,4.3,8.7,402.0,126.0,276.0,6.3,3.3,6.7,300.0,89.0,211.0,62.0,27.0,33.0,0.7272727272727273,33.0,1.0,1.0,2.0,2.0,29.0,15.0,9.0,28.0,55.0,0.0,2.0,0.0,1.0,1.0,3.0,1.0,4.0,1.0,2.0,43.5,3.0,0.0,3.0,0.0,0.0,0.0,14.0,24.5,0.0,0.0,3-25,3.0,25.0,3.0,0.0,17.0,5.0,0.1509433962264151,Giants,2020.0
Cowboys,10.0,38.0,0.0,1.0,0.0,3.0,0.0,7.0,0.0,21.0,7.0,10.0,84.0,27.0,54.0,2.0,4.1,3.6,4.9,344.0,97.0,247.0,4.1,7.5,7.8,438.0,261.0,177.0,60.0,35.0,24.0,0.6296296296296297,54.0,1.0,2.0,3.0,0.0,27.0,15.0,8.0,27.0,40.0,100.0,1.0,0.0,0.0,0.0,2.0,0.5,1.0,1.0,3.0,43.3,0.5,-1.0,1.0,-1.0,0.0,0.0,28.0,0.0,0.0,0.0,6-36,6.0,36.0,3.0,0.0,17.0,6.0,0.1509433962264151,CardinalsArizona,2020.0
Cowboys,3.0,25.0,0.0,0.0,3.0,0.0,0.0,0.0,9.0,13.0,0.0,3.0,54.0,26.0,22.0,0.0,2.6,3.2,5.2,142.0,83.0,59.0,2.6,5.3,7.8,397.0,208.0,189.0,66.0,39.0,25.0,0.5,22.0,0.0,1.0,6.0,0.0,26.0,7.0,4.0,12.0,25.0,0.0,2.0,0.0,0.0,0.0,1.0,1.0,0.0,0.0,5.0,43.4,0.0,3.0,0.0,3.0,0.0,0.0,48.5,19.5,0.0,0.0,6-49,6.0,49.0,3.0,0.0,17.0,7.0,0.1509433962264151,TeamWashington,2020.0
Cowboys,9.0,23.0,0.0,0.0,3.0,6.0,0.0,0.0,7.0,0.0,8.0,8.0,79.0,35.0,40.0,2.0,3.4,3.8,4.5,265.0,133.0,132.0,3.4,4.6,4.7,222.0,119.0,103.0,58.0,26.0,28.0,0.525,40.0,0.0,0.0,4.0,0.0,35.0,10.0,10.0,21.0,25.0,50.0,4.0,2.0,2.0,4.0,4.0,0.75,0.0,0.0,3.0,39.0,4.0,11.0,4.0,22.0,0.0,0.0,16.333333333333332,20.0,0.0,0.0,7-68,7.0,68.0,3.0,0.0,17.0,8.0,0.1509433962264151,EaglesPhiladelphia,2020.0
Dolphins,11.0,21.0,0.0,1.0,0.0,3.0,0.0,8.0,0.0,7.0,7.0,7.0,58.0,27.0,30.0,0.0,4.6,3.2,6.4,269.0,87.0,182.0,4.6,5.2,8.2,357.0,217.0,140.0,63.0,42.0,19.0,0.6666666666666666,30.0,0.0,3.0,1.0,1.0,27.0,11.0,6.0,20.0,36.0,0.0,2.0,0.0,1.0,1.0,1.0,1.0,0.0,0,3.0,50.7,-3.0,0.0,-3.0,0.0,0.0,0.0,0.0,0.0,0.0,0.0,4-35,4.0,35.0,1.0,0.0,5.0,1.0,0.018867924528301886,England,2020.0
Dolphins,28.0,31.0,0.0,3.0,7.0,3.0,3.0,15.0,7.0,10.0,0.0,14.0,72.0,22.0,47.0,0.0,5.7,4.5,7.0,410.0,99.0,311.0,5.7,4.9,11.9,523.0,112.0,411.0,59.0,23.0,35.0,0.6595744680851063,47.0,2.0,0.0,3.0,1.0,22.0,20.0,6.0,28.0,41.0,0.0,1.0,0.0,1.0,1.0,2.0,1.0,2.0,1.0,5.0,52.4,5.5,9.0,11.0,18.0,0.0,0.0,0.0,-1.0,0.0,0.0,3-20,3.0,20.0,1.0,0.0,5.0,2.0,0.018867924528301886,BillsBuffalo,2020.0
Dolphins,31.0,13.0,1.0,4.0,14.0,7.0,7.0,3.0,0.0,7.0,0.0,6.0,57.0,36.0,20.0,0.0,5.2,3.8,8.0,294.0,138.0,156.0,5.2,4.2,6.5,318.0,72.0,246.0,63.0,17.0,42.0,0.9,20.0,2.0,0.0,1.0,2.0,36.0,9.0,10.0,23.0,53.0,100.0,4.0,1.0,1.0,2.0,1.0,1.0,4.0,1.0,4.0,41.0,14.0,8.0,28.0,8.0,0.0,0.0,15.5,24.0,0.0,0.0,6-51,6.0,51.0,1.0,0.0,5.0,3.0,0.018867924528301886,JaguarsJacksonville,2020.0
Dolphins,23.0,31.0,0.0,1.0,3.0,6.0,3.0,11.0,10.0,7.0,0.0,14.0,68.0,22.0,45.0,0.0,6.1,4.7,7.0,415.0,103.0,312.0,6.1,3.8,10.6,441.0,98.0,343.0,62.0,26.0,34.0,0.6444444444444445,45.0,0.0,2.0,1.0,1.0,22.0,17.0,8.0,25.0,53.0,0.0,2.0,1.0,0.0,1.0,5.0,1.0,0.0,0,1.0,51.0,11.0,0.0,11.0,0.0,0.0,0.0,5.0,17.5,0.0,0.0,3-20,3.0,20.0,1.0,0.0,5.0,4.0,0.018867924528301886,SeahawksSeattle,2020.0
Dolphins,43.0,17.0,1.0,4.0,14.0,16.0,7.0,6.0,0.0,7.0,10.0,0.0,63.0,33.0,28.0,0.0,6.9,2.8,12.5,436.0,94.0,342.0,6.9,6.9,4.9,259.0,131.0,128.0,59.0,19.0,35.0,0.7857142857142857,28.0,3.0,0.0,2.0,1.0,33.0,12.0,6.0,22.0,33.0,100.0,5.0,2.0,1.0,3.0,5.0,1.0,4.0,1.0,2.0,42.0,3.0,17.0,9.0,17.0,0.0,0.0,15.0,20.0,0.0,0.0,7-69,7.0,69.0,1.0,0.0,5.0,5.0,0.018867924528301886,Francisco,2020.0
Dolphins,24.0,0.0,1.0,3.0,7.0,14.0,3.0,0.0,0.0,0.0,0.0,0.0,56.0,25.0,29.0,0.0,5.4,4.4,6.9,302.0,110.0,192.0,5.4,5.2,4.2,263.0,115.0,148.0,69.0,22.0,44.0,0.6896551724137931,29.0,3.0,2.0,2.0,0.0,25.0,12.0,4.0,18.0,11.0,0.0,3.0,1.0,0.0,1.0,1.0,1.0,3.0,1.0,7.0,40.3,13.83,0.0,83.0,0.0,0.0,0.0,23.0,7.0,0.0,0.0,5-25,5.0,25.0,1.0,0.0,5.0,6.0,0.018867924528301886,Jets,2020.0
Dolphins,28.0,17.0,1.0,2.0,7.0,21.0,0.0,0.0,7.0,3.0,0.0,7.0,48.0,25.0,22.0,2.0,3.0,2.2,4.2,145.0,55.0,90.0,3.0,4.5,5.8,471.0,131.0,340.0,92.0,29.0,61.0,0.5454545454545454,22.0,1.0,0.0,1.0,1.0,25.0,5.0,3.0,8.0,25.0,0.0,2.0,2.0,2.0,4.0,0.0,,4.0,1.0,9.0,42.8,88.0,2.33,88.0,7.0,1.0,0.0,45.0,14.5,0.0,0.0,3-30,3.0,30.0,1.0,0.0,5.0,8.0,0.018867924528301886,Rams,2020.0
Eagles,17.0,27.0,0.0,2.0,10.0,7.0,0.0,0.0,0.0,7.0,7.0,13.0,67.0,17.0,42.0,1.0,4.0,3.4,6.4,265.0,57.0,208.0,4.0,2.2,5.7,239.0,80.0,159.0,70.0,36.0,31.0,0.5714285714285714,42.0,2.0,2.0,8.0,0.0,17.0,13.0,3.0,19.0,35.0,0.0,3.0,0.0,0.0,0.0,2.0,0.5,2.0,1.0,5.0,53.6,5.5,1.7,14.0,17.0,0.0,0.0,0.0,0.0,0.0,0.0,3-20,3.0,20.0,6.0,0.0,21.0,1.0,0.09433962264150944,TeamWashington,2020.0
Eagles,19.0,37.0,0.0,2.0,3.0,13.0,0.0,3.0,14.0,7.0,3.0,13.0,69.0,26.0,43.0,1.0,5.3,4.7,5.6,363.0,121.0,242.0,5.3,4.9,9.9,449.0,191.0,258.0,67.0,39.0,27.0,0.6046511627906976,43.0,0.0,2.0,0.0,2.0,26.0,13.0,11.0,25.0,58.0,0.0,1.0,0.0,1.0,1.0,2.0,1.0,1.0,1.0,2.0,60.5,0.0,0.0,0.0,8.0,0.0,0.0,20.333333333333332,19.0,0.0,0.0,5-30,5.0,30.0,6.0,0.0,21.0,2.0,0.09433962264150944,Rams,2020.0
Eagles,23.0,23.0,0.0,2.0,0.0,13.0,3.0,7.0,0.0,10.0,7.0,6.0,86.0,36.0,47.0,0.0,4.4,4.9,4.8,381.0,175.0,206.0,4.4,2.7,7.1,304.0,48.0,256.0,70.0,18.0,44.0,0.6170212765957447,47.0,1.0,2.0,3.0,1.0,36.0,11.0,12.0,27.0,47.0,0.0,8.0,0.0,0.0,0.0,3.0,1.0,2.0,1.0,6.0,47.3,0.5,4.625,2.0,37.0,0.0,0.0,0.0,19.5,0.0,0.0,11-93,11.0,93.0,6.0,0.0,21.0,3.0,0.09433962264150944,BengalsCincinnati,2020.0
Eagles,25.0,20.0,1.0,2.0,8.0,0.0,3.0,14.0,7.0,0.0,7.0,6.0,59.0,28.0,28.0,0.0,4.5,3.3,6.9,267.0,93.0,174.0,4.5,5.8,7.5,417.0,116.0,301.0,70.0,20.0,45.0,0.6428571428571429,28.0,1.0,1.0,3.0,1.0,28.0,9.0,6.0,18.0,30.0,100.0,5.0,2.0,1.0,3.0,1.0,1.0,2.0,1.0,6.0,51.2,8.0,6.0,8.0,6.0,0.0,0.0,15.0,0.0,0.0,0.0,3-25,3.0,25.0,6.0,0.0,21.0,4.0,0.09433962264150944,Francisco,2020.0
Eagles,29.0,38.0,0.0,4.0,7.0,7.0,8.0,7.0,7.0,10.0,14.0,7.0,57.0,16.0,36.0,0.0,5.9,5.9,7.7,336.0,94.0,242.0,5.9,4.2,7.0,367.0,136.0,231.0,67.0,32.0,34.0,0.5833333333333334,36.0,2.0,2.0,5.0,2.0,16.0,14.0,4.0,20.0,71.0,0.0,1.0,0.0,1.0,1.0,1.0,0.0,3.0,1.0,2.0,50.0,1.0,6.0,1.0,12.0,0.0,0.0,16.0,24.0,0.0,0.0,9-84,9.0,84.0,6.0,0.0,21.0,5.0,0.09433962264150944,SteelersPittsburgh,2020.0
Eagles,28.0,30.0,0.0,3.0,0.0,0.0,6.0,22.0,14.0,3.0,7.0,6.0,64.0,18.0,40.0,1.0,5.7,10.8,5.3,364.0,194.0,170.0,5.7,4.9,6.9,355.0,182.0,173.0,67.0,37.0,27.0,0.525,40.0,2.0,0.0,6.0,1.0,18.0,10.0,6.0,19.0,25.0,33.0,3.0,0.0,0.0,0.0,1.0,0.0,0.0,0.0,6.0,49.2,6.67,8.6,20.0,43.0,0.0,0.0,21.5,37.0,0.0,0.0,3-20,3.0,20.0,6.0,0.0,21.0,6.0,0.09433962264150944,RavensBaltimore,2020.0
Eagles,22.0,21.0,1.0,3.0,7.0,3.0,0.0,12.0,7.0,0.0,7.0,7.0,72.0,26.0,43.0,0.0,6.1,3.7,8.3,442.0,96.0,346.0,6.1,7.3,6.2,325.0,160.0,165.0,55.0,22.0,30.0,0.5813953488372093,43.0,2.0,1.0,3.0,1.0,26.0,16.0,8.0,27.0,30.0,50.0,3.0,1.0,2.0,3.0,2.0,0.5,1.0,1.0,5.0,51.0,6.5,9.5,13.0,19.0,0.0,0.0,19.0,22.0,0.0,0.0,7-75,7.0,75.0,6.0,0.0,21.0,7.0,0.09433962264150944,Giants,2020.0
Eagles,23.0,9.0,1.0,2.0,7.0,0.0,8.0,8.0,3.0,6.0,0.0,0.0,58.0,26.0,28.0,2.0,3.8,4.6,4.7,222.0,119.0,103.0,3.8,3.8,4.5,265.0,133.0,132.0,79.0,35.0,40.0,0.5714285714285714,28.0,2.0,2.0,4.0,0.0,26.0,8.0,6.0,18.0,37.0,0.0,4.0,0.0,2.0,2.0,0.0,,1.0,1.0,2.0,41.5,11.0,4.0,22.0,4.0,0.0,0.0,20.0,16.333333333333332,0.0,0.0,4-28,4.0,28.0,6.0,0.0,21.0,8.0,0.09433962264150944,CowboysDallas,2020.0
Falcons,25.0,38.0,0.0,3.0,3.0,9.0,0.0,13.0,14.0,0.0,14.0,10.0,77.0,21.0,54.0,1.0,6.6,3.4,8.3,506.0,72.0,434.0,6.6,4.2,9.2,383.0,84.0,299.0,58.0,20.0,35.0,0.6851851851851852,54.0,2.0,1.0,2.0,1.0,21.0,23.0,4.0,28.0,50.0,0.0,3.0,0.0,0.0,0.0,2.0,1.0,2.0,0.5,2.0,50.0,8.0,15.0,8.0,15.0,0.0,0.0,0.0,21.5,0.0,0.0,6-72,6.0,72.0,5.0,0.0,16.0,1.0,0.11320754716981132,SeahawksSeattle,2020.0
Falcons,39.0,40.0,0.0,4.0,20.0,9.0,0.0,10.0,0.0,10.0,14.0,16.0,72.0,34.0,37.0,0.0,5.3,3.3,7.4,380.0,113.0,267.0,5.3,4.0,9.2,570.0,125.0,445.0,81.0,31.0,49.0,0.6486486486486487,37.0,4.0,0.0,1.0,0.0,34.0,15.0,5.0,22.0,47.0,100.0,1.0,0.0,3.0,3.0,4.0,1.0,3.0,1.0,4.0,39.5,0.0,3.0,0.0,3.0,0.0,0.0,20.666666666666668,21.2,0.0,0.0,8-51,8.0,51.0,5.0,0.0,16.0,2.0,0.11320754716981132,CowboysDallas,2020.0
Falcons,26.0,30.0,0.0,3.0,6.0,10.0,10.0,0.0,3.0,7.0,0.0,20.0,65.0,25.0,38.0,0.0,5.7,5.8,6.3,371.0,144.0,227.0,5.7,5.2,6.2,437.0,130.0,307.0,78.0,25.0,51.0,0.5,38.0,1.0,1.0,2.0,2.0,25.0,13.0,6.0,22.0,30.0,0.0,2.0,2.0,0.0,2.0,3.0,0.6666666666666666,3.0,0.6666666666666666,6.0,38.8,10.67,6.0,32.0,6.0,0.0,0.0,13.0,30.333333333333332,0.0,0.0,7-75,7.0,75.0,5.0,0.0,16.0,3.0,0.11320754716981132,BearsChicago,2020.0
Falcons,16.0,30.0,0.0,2.0,0.0,3.0,6.0,7.0,7.0,13.0,7.0,3.0,68.0,25.0,39.0,0.0,4.8,3.1,7.3,327.0,78.0,249.0,4.8,3.4,9.9,403.0,88.0,315.0,60.0,26.0,33.0,0.717948717948718,39.0,0.0,0.0,4.0,2.0,25.0,15.0,8.0,24.0,25.0,50.0,1.0,0.0,0.0,0.0,1.0,1.0,2.0,0.5,3.0,40.7,0.0,0.0,0.0,11.0,0.0,0.0,19.5,27.0,0.0,0.0,3-23,3.0,23.0,5.0,0.0,16.0,4.0,0.11320754716981132,Bay,2020.0
Falcons,16.0,23.0,0.0,1.0,7.0,0.0,3.0,6.0,3.0,17.0,0.0,3.0,63.0,24.0,37.0,0.0,5.9,6.9,6.1,373.0,166.0,207.0,5.9,4.6,8.7,437.0,124.0,313.0,63.0,27.0,36.0,0.5675675675675675,37.0,0.0,1.0,2.0,1.0,24.0,11.0,10.0,21.0,46.0,100.0,0.0,0.0,0.0,0.0,3.0,1.0,1.0,1.0,3.0,46.3,3.0,-3.0,3.0,-3.0,0.0,0.0,23.5,21.333333333333332,0.0,0.0,3-40,3.0,40.0,5.0,0.0,16.0,5.0,0.11320754716981132,PanthersCarolina,2020.0
Falcons,40.0,23.0,1.0,4.0,10.0,10.0,10.0,10.0,0.0,0.0,7.0,16.0,79.0,37.0,40.0,1.0,5.8,2.7,9.3,462.0,99.0,363.0,5.8,2.5,9.5,365.0,32.0,333.0,50.0,13.0,36.0,0.75,40.0,4.0,0.0,2.0,0.0,37.0,17.0,5.0,24.0,52.0,100.0,1.0,3.0,0.0,3.0,4.0,1.0,4.0,1.0,2.0,34.0,12.0,0.0,36.0,0.0,0.0,0.0,24.0,24.333333333333332,0.0,0.0,5-25,5.0,25.0,5.0,0.0,16.0,6.0,0.11320754716981132,VikingsMinnesota,2020.0
Falcons,22.0,23.0,0.0,3.0,0.0,14.0,0.0,8.0,7.0,3.0,3.0,10.0,70.0,26.0,42.0,1.0,5.5,2.5,8.0,388.0,66.0,322.0,5.5,3.0,9.4,386.0,64.0,322.0,59.0,21.0,36.0,0.7380952380952381,42.0,1.0,0.0,2.0,2.0,26.0,19.0,5.0,26.0,50.0,50.0,2.0,0.0,0.0,0.0,0.0,,2.0,1.0,4.0,45.0,0.0,3.0,0.0,6.0,0.0,0.0,19.5,20.0,0.0,0.0,8-53,8.0,53.0,5.0,0.0,16.0,7.0,0.11320754716981132,LionsDetroit,2020.0
Falcons,25.0,17.0,1.0,2.0,6.0,10.0,3.0,6.0,7.0,7.0,3.0,0.0,68.0,36.0,30.0,0.0,5.9,3.6,9.4,401.0,131.0,270.0,5.9,6.7,6.6,304.0,147.0,157.0,52.0,22.0,27.0,0.7,30.0,0.0,1.0,2.0,2.0,36.0,14.0,10.0,28.0,33.0,0.0,3.0,1.0,0.0,1.0,4.0,1.0,2.0,0.5,1.0,39.0,0.0,0.0,0.0,0.0,0.0,0.0,0.0,23.0,0.0,0.0,6-63,6.0,63.0,5.0,0.0,16.0,8.0,0.11320754716981132,PanthersCarolina,2020.0
Falcons,25.0,17.0,1.0,2.0,6.0,10.0,3.0,6.0,7.0,7.0,3.0,0.0,68.0,36.0,30.0,0.0,5.9,3.6,9.4,401.0,131.0,270.0,5.9,6.7,6.6,304.0,147.0,157.0,52.0,22.0,27.0,0.7,30.0,0.0,1.0,2.0,2.0,36.0,14.0,10.0,28.0,33.0,0.0,3.0,1.0,0.0,1.0,4.0,1.0,2.0,0.5,1.0,39.0,0.0,0.0,0.0,0.0,0.0,0.0,0.0,23.0,0.0,0.0,6-63,6.0,63.0,5.0,0.0,16.0,9.0,0.11320754716981132,PanthersCarolina,2020.0
Giants,16.0,26.0,0.0,2.0,3.0,7.0,0.0,6.0,3.0,13.0,0.0,10.0,64.0,20.0,41.0,0.0,4.5,1.4,6.8,291.0,29.0,262.0,4.5,4.7,7.2,349.0,141.0,208.0,64.0,30.0,32.0,0.6341463414634146,41.0,2.0,2.0,3.0,0.0,20.0,16.0,2.0,20.0,53.0,100.0,2.0,0.0,1.0,1.0,1.0,1.0,1.0,1.0,5.0,38.6,13.0,4.33,39.0,13.0,0.0,0.0,0.0,33.0,0.0,0.0,4-25,4.0,25.0,1.0,0.0,4.0,1.0,0.09433962264150944,SteelersPittsburgh,2020.0
Giants,13.0,17.0,0.0,1.0,0.0,0.0,3.0,10.0,10.0,7.0,0.0,0.0,62.0,18.0,40.0,1.0,4.8,4.2,6.0,295.0,75.0,220.0,4.8,4.2,6.8,304.0,135.0,169.0,64.0,32.0,28.0,0.625,40.0,0.0,1.0,4.0,1.0,18.0,15.0,4.0,22.0,23.0,100.0,4.0,2.0,0.0,2.0,3.0,0.6666666666666666,1.0,1.0,3.0,58.0,11.0,0.0,11.0,0.0,0.0,0.0,28.0,23.25,0.0,0.0,3-10,3.0,10.0,1.0,0.0,4.0,2.0,0.09433962264150944,BearsChicago,2020.0
Giants,9.0,36.0,0.0,0.0,0.0,6.0,3.0,0.0,6.0,10.0,7.0,13.0,49.0,15.0,32.0,2.0,4.7,4.4,5.6,231.0,66.0,165.0,4.7,2.7,9.5,420.0,93.0,327.0,73.0,35.0,36.0,0.53125,32.0,0.0,1.0,2.0,0.0,15.0,8.0,3.0,13.0,40.0,50.0,2.0,0.0,0.0,0.0,3.0,1.0,0.0,0.0,1.0,54.0,0.0,0.0,0.0,0.0,0.0,0.0,14.25,0.0,0.0,0.0,5-28,5.0,28.0,1.0,0.0,4.0,3.0,0.09433962264150944,Francisco,2020.0
Giants,9.0,17.0,0.0,0.0,0.0,6.0,0.0,3.0,7.0,3.0,0.0,7.0,66.0,25.0,36.0,0.0,4.5,5.4,5.3,295.0,136.0,159.0,4.5,2.5,6.2,240.0,58.0,182.0,57.0,23.0,32.0,0.6388888888888888,36.0,0.0,1.0,5.0,0.0,25.0,11.0,7.0,19.0,30.0,50.0,2.0,0.0,1.0,1.0,3.0,1.0,0.0,0.0,5.0,43.2,10.0,8.0,30.0,16.0,0.0,0.0,27.0,27.5,0.0,0.0,4-20,4.0,20.0,1.0,0.0,4.0,4.0,0.09433962264150944,Rams,2020.0
Giants,34.0,37.0,0.0,2.0,14.0,6.0,3.0,11.0,3.0,21.0,7.0,6.0,62.0,27.0,33.0,1.0,4.8,3.3,6.7,300.0,89.0,211.0,4.8,4.3,8.7,402.0,126.0,276.0,64.0,29.0,33.0,0.6060606060606061,33.0,0.0,0.0,2.0,2.0,27.0,11.0,7.0,20.0,53.0,0.0,2.0,1.0,1.0,2.0,4.0,1.0,2.0,1.0,2.0,52.0,0.0,3.0,0.0,3.0,0.0,0.0,24.5,14.0,0.0,0.0,8-81,8.0,81.0,1.0,0.0,4.0,5.0,0.09433962264150944,CowboysDallas,2020.0
Giants,20.0,19.0,1.0,1.0,10.0,3.0,0.0,7.0,0.0,10.0,0.0,9.0,46.0,26.0,19.0,0.0,5.2,5.1,5.9,240.0,132.0,108.0,5.2,3.6,6.7,337.0,86.0,251.0,69.0,24.0,42.0,0.631578947368421,19.0,1.0,1.0,1.0,0.0,26.0,8.0,5.0,16.0,63.0,0.0,3.0,1.0,1.0,2.0,2.0,1.0,2.0,1.0,2.0,35.0,0.0,2.0,0.0,2.0,0.0,0.0,12.0,17.5,0.0,0.0,4-30,4.0,30.0,1.0,0.0,4.0,6.0,0.09433962264150944,TeamWashington,2020.0
Giants,21.0,22.0,0.0,3.0,7.0,0.0,7.0,7.0,7.0,3.0,0.0,12.0,55.0,22.0,30.0,2.0,5.9,7.3,6.2,325.0,160.0,165.0,5.9,3.7,8.3,442.0,96.0,346.0,72.0,26.0,43.0,0.6666666666666666,30.0,2.0,1.0,3.0,1.0,22.0,8.0,6.0,17.0,30.0,0.0,3.0,1.0,0.0,1.0,0.0,,3.0,1.0,6.0,44.2,9.5,6.5,19.0,13.0,0.0,0.0,22.0,19.0,0.0,0.0,9-62,9.0,62.0,1.0,0.0,4.0,7.0,0.09433962264150944,EaglesPhiladelphia,2020.0
Giants,23.0,25.0,0.0,3.0,7.0,7.0,3.0,6.0,3.0,3.0,9.0,10.0,69.0,24.0,42.0,0.0,5.2,4.2,6.5,357.0,101.0,256.0,5.2,3.4,7.0,344.0,81.0,263.0,66.0,24.0,40.0,0.6190476190476191,42.0,2.0,2.0,3.0,1.0,24.0,17.0,6.0,24.0,36.0,100.0,2.0,0.0,1.0,1.0,1.0,1.0,2.0,1.0,4.0,36.0,11.0,0.0,11.0,0.0,0.0,0.0,32.666666666666664,23.0,0.0,0.0,7-73,7.0,73.0,1.0,0.0,4.0,8.0,0.09433962264150944,Bay,2020.0
Jaguars,27.0,20.0,1.0,3.0,0.0,14.0,3.0,10.0,7.0,10.0,0.0,3.0,47.0,23.0,20.0,0.0,5.1,4.0,8.7,241.0,91.0,150.0,5.1,4.0,7.9,445.0,88.0,357.0,69.0,22.0,46.0,0.95,20.0,3.0,0.0,4.0,0.0,23.0,11.0,4.0,17.0,50.0,0.0,1.0,2.0,0.0,2.0,2.0,1.0,3.0,1.0,3.0,45.3,0.0,0.0,0.0,0.0,0.0,0.0,25.0,30.0,0.0,0.0,6-61,6.0,61.0,3.0,0.0,9.0,1.0,0.03773584905660377,ColtsIndianapolis,2020.0
Jaguars,30.0,33.0,0.0,4.0,7.0,3.0,7.0,13.0,14.0,10.0,6.0,3.0,74.0,27.0,45.0,0.0,6.5,6.1,7.5,480.0,165.0,315.0,6.5,3.6,10.0,354.0,123.0,231.0,59.0,34.0,24.0,0.6666666666666666,45.0,3.0,2.0,2.0,1.0,27.0,20.0,9.0,30.0,71.0,100.0,1.0,0.0,0.0,0.0,1.0,1.0,4.0,0.75,2.0,40.0,0.0,0.0,0.0,0.0,0.0,0.0,0.0,13.5,0.0,0.0,8-60,8.0,60.0,3.0,0.0,9.0,2.0,0.03773584905660377,TitansTennessee,2020.0
Jaguars,13.0,31.0,0.0,2.0,0.0,7.0,0.0,6.0,14.0,7.0,7.0,3.0,63.0,17.0,42.0,1.0,5.0,4.2,6.5,318.0,72.0,246.0,5.0,3.8,8.0,294.0,138.0,156.0,57.0,36.0,20.0,0.7142857142857143,42.0,0.0,1.0,4.0,2.0,17.0,14.0,5.0,22.0,30.0,0.0,1.0,0.0,0.0,0.0,0.0,,2.0,0.5,3.0,52.3,4.0,7.0,8.0,28.0,0.0,0.0,24.0,15.5,0.0,0.0,8-63,8.0,63.0,3.0,0.0,9.0,3.0,0.03773584905660377,DolphinsMiami,2020.0
Jaguars,25.0,33.0,0.0,2.0,7.0,6.0,0.0,12.0,3.0,7.0,17.0,6.0,63.0,20.0,40.0,0.0,6.8,4.5,8.8,429.0,89.0,340.0,6.8,6.0,8.3,505.0,205.0,300.0,71.0,34.0,36.0,0.675,40.0,2.0,1.0,3.0,0.0,20.0,16.0,4.0,25.0,20.0,100.0,1.0,1.0,0.0,1.0,5.0,0.8,1.0,1.0,2.0,44.0,0.0,0.0,0.0,0.0,0.0,0.0,0.0,13.0,0.0,0.0,6-49,6.0,49.0,3.0,0.0,9.0,4.0,0.03773584905660377,BengalsCincinnati,2020.0
Jaguars,14.0,30.0,0.0,2.0,0.0,7.0,0.0,7.0,0.0,10.0,3.0,17.0,73.0,20.0,49.0,2.0,5.0,3.8,6.1,364.0,75.0,289.0,5.0,5.9,10.3,486.0,129.0,357.0,58.0,22.0,35.0,0.6326530612244898,49.0,2.0,0.0,4.0,0.0,20.0,16.0,5.0,22.0,50.0,33.0,1.0,2.0,0.0,2.0,2.0,0.0,2.0,1.0,3.0,47.7,0.0,0.0,0.0,9.0,0.0,0.0,40.0,0.0,0.0,0.0,4-35,4.0,35.0,3.0,0.0,9.0,5.0,0.03773584905660377,TexansHouston,2020.0
Jaguars,16.0,34.0,0.0,2.0,3.0,0.0,7.0,6.0,7.0,10.0,7.0,10.0,61.0,16.0,44.0,1.0,4.5,2.8,5.5,275.0,44.0,231.0,4.5,4.6,7.2,403.0,180.0,223.0,70.0,39.0,31.0,0.5681818181818182,44.0,1.0,1.0,1.0,1.0,16.0,11.0,3.0,16.0,53.0,0.0,0.0,1.0,0.0,1.0,2.0,0.5,1.0,1.0,2.0,38.0,0.0,0.0,0.0,0.0,0.0,0.0,14.75,0.0,0.0,0.0,5-56,5.0,56.0,3.0,0.0,9.0,6.0,0.03773584905660377,LionsDetroit,2020.0
Jaguars,29.0,39.0,0.0,3.0,0.0,14.0,15.0,0.0,9.0,7.0,20.0,3.0,59.0,27.0,27.0,1.0,5.0,5.2,6.4,294.0,140.0,154.0,5.0,4.2,8.0,484.0,135.0,349.0,77.0,32.0,44.0,0.5185185185185185,27.0,2.0,0.0,5.0,1.0,27.0,7.0,6.0,15.0,40.0,25.0,1.0,0.0,0.0,0.0,0.0,,1.0,1.0,5.0,45.4,12.0,2.33,36.0,7.0,0.0,0.0,22.25,14.5,0.0,0.0,6-55,6.0,55.0,3.0,0.0,9.0,7.0,0.03773584905660377,Chargers,2020.0
Jets,17.0,27.0,0.0,2.0,0.0,3.0,7.0,7.0,14.0,7.0,0.0,6.0,53.0,15.0,35.0,1.0,4.8,3.5,6.1,254.0,52.0,202.0,4.8,3.1,6.8,404.0,98.0,306.0,81.0,32.0,46.0,0.6,35.0,1.0,1.0,3.0,1.0,15.0,8.0,4.0,15.0,36.0,0.0,3.0,0.0,2.0,2.0,1.0,1.0,2.0,1.0,6.0,46.3,0.0,13.6,0.0,68.0,0.0,0.0,16.0,31.0,0.0,0.0,9-95,9.0,95.0,0.0,0.0,11.0,1.0,0.05660377358490566,BillsBuffalo,2020.0
Jets,13.0,31.0,0.0,1.0,3.0,0.0,3.0,7.0,7.0,14.0,3.0,7.0,62.0,29.0,32.0,0.0,4.5,3.6,5.6,277.0,104.0,173.0,4.5,6.3,7.5,359.0,182.0,177.0,59.0,29.0,27.0,0.65625,32.0,1.0,0.0,1.0,0.0,29.0,10.0,5.0,17.0,35.0,0.0,3.0,1.0,0.0,1.0,2.0,1.0,1.0,1.0,5.0,44.4,0.0,0.0,0.0,0.0,0.0,0.0,25.333333333333332,23.666666666666668,0.0,0.0,5-65,5.0,65.0,0.0,0.0,11.0,2.0,0.05660377358490566,Francisco,2020.0
Jets,7.0,36.0,0.0,1.0,7.0,0.0,0.0,0.0,7.0,10.0,14.0,5.0,60.0,29.0,29.0,0.0,4.3,3.8,5.8,260.0,109.0,151.0,4.3,3.8,9.4,353.0,119.0,234.0,56.0,31.0,25.0,0.5862068965517241,29.0,1.0,3.0,2.0,0.0,29.0,7.0,7.0,15.0,25.0,0.0,0.0,0.0,0.0,0.0,0.0,,1.0,1.0,5.0,42.0,0.0,24.0,0.0,24.0,0.0,0.0,18.75,8.0,0.0,0.0,7-57,7.0,57.0,0.0,0.0,11.0,3.0,0.05660377358490566,ColtsIndianapolis,2020.0
Jets,28.0,37.0,0.0,1.0,7.0,6.0,3.0,12.0,3.0,14.0,7.0,13.0,74.0,24.0,44.0,0.0,4.3,5.4,5.6,321.0,129.0,192.0,4.3,3.7,7.8,359.0,117.0,242.0,63.0,32.0,31.0,0.5681818181818182,44.0,0.0,0.0,6.0,1.0,24.0,11.0,5.0,18.0,42.0,0.0,0.0,3.0,0.0,3.0,5.0,1.0,1.0,1.0,3.0,48.7,11.0,25.5,11.0,51.0,0.0,0.0,0.0,17.0,0.0,0.0,11-118,11.0,118.0,0.0,0.0,11.0,4.0,0.05660377358490566,BroncosDenver,2020.0
Jets,10.0,30.0,0.0,1.0,0.0,3.0,7.0,0.0,7.0,10.0,7.0,6.0,64.0,28.0,33.0,0.0,4.5,4.4,5.9,285.0,123.0,162.0,4.5,4.2,10.3,496.0,127.0,369.0,68.0,30.0,37.0,0.5454545454545454,33.0,1.0,0.0,3.0,0.0,28.0,8.0,9.0,21.0,30.0,0.0,1.0,1.0,0.0,1.0,1.0,1.0,1.0,1.0,6.0,46.5,9.0,2.67,9.0,8.0,0.0,0.0,10.75,31.0,0.0,0.0,6-30,6.0,30.0,0.0,0.0,11.0,5.0,0.05660377358490566,CardinalsArizona,2020.0
Jets,0.0,24.0,0.0,0.0,0.0,0.0,0.0,0.0,7.0,14.0,3.0,0.0,69.0,22.0,44.0,0.0,3.8,5.2,4.2,263.0,115.0,148.0,3.8,4.4,6.9,302.0,110.0,192.0,56.0,25.0,29.0,0.4772727272727273,44.0,0.0,1.0,3.0,0.0,22.0,7.0,5.0,13.0,11.0,66.0,2.0,2.0,0.0,2.0,1.0,0.0,0.0,0.0,10.0,46.2,0.0,13.83,0.0,83.0,0.0,0.0,7.0,23.0,0.0,0.0,7-80,7.0,80.0,0.0,0.0,11.0,6.0,0.05660377358490566,DolphinsMiami,2020.0
Jets,10.0,18.0,0.0,1.0,3.0,7.0,0.0,0.0,0.0,6.0,6.0,6.0,51.0,22.0,23.0,0.0,3.7,4.5,5.2,191.0,100.0,91.0,3.7,4.7,7.1,422.0,126.0,296.0,72.0,27.0,43.0,0.5217391304347826,23.0,0.0,2.0,6.0,1.0,22.0,5.0,9.0,17.0,25.0,0.0,2.0,0.0,1.0,1.0,1.0,1.0,1.0,1.0,4.0,42.0,0.0,0.0,0.0,23.0,0.0,0.0,22.0,40.0,0.0,0.0,6-49,6.0,49.0,0.0,0.0,11.0,7.0,0.05660377358490566,BillsBuffalo,2020.0
Jets,9.0,35.0,0.0,0.0,3.0,6.0,0.0,0.0,14.0,7.0,7.0,7.0,56.0,25.0,30.0,1.0,3.9,3.7,4.4,221.0,93.0,128.0,3.9,2.5,9.5,496.0,50.0,446.0,67.0,20.0,47.0,0.6,30.0,0.0,0.0,1.0,0.0,25.0,8.0,4.0,13.0,16.0,100.0,0.0,0.0,0.0,0.0,4.0,0.75,0.0,0.0,5.0,45.4,0.0,7.0,0.0,14.0,0.0,0.0,17.0,26.0,0.0,0.0,3-25,3.0,25.0,0.0,0.0,11.0,8.0,0.05660377358490566,City,2020.0
Lions,23.0,27.0,0.0,2.0,3.0,10.0,10.0,0.0,3.0,3.0,0.0,21.0,72.0,29.0,42.0,0.0,5.9,4.8,7.1,426.0,138.0,288.0,5.9,5.3,6.7,363.0,149.0,214.0,65.0,28.0,36.0,0.5714285714285714,42.0,1.0,1.0,1.0,1.0,29.0,14.0,7.0,25.0,37.0,0.0,1.0,0.0,0.0,0.0,4.0,0.75,2.0,1.0,4.0,49.2,16.0,0.0,16.0,0.0,0.0,0.0,33.0,36.666666666666664,0.0,0.0,8-77,8.0,77.0,3.0,0.0,26.0,1.0,0.03773584905660377,BearsChicago,2020.0
Lions,21.0,42.0,0.0,3.0,14.0,0.0,0.0,7.0,3.0,14.0,17.0,8.0,58.0,21.0,33.0,0.0,5.3,4.2,7.4,307.0,89.0,218.0,5.3,7.4,8.0,488.0,259.0,229.0,66.0,35.0,30.0,0.6060606060606061,33.0,2.0,1.0,4.0,1.0,21.0,10.0,8.0,19.0,50.0,0.0,1.0,0.0,0.0,0.0,1.0,0.0,3.0,1.0,5.0,54.2,0.0,0.0,0.0,6.0,0.0,0.0,27.0,17.0,0.0,0.0,7-70,7.0,70.0,3.0,0.0,26.0,2.0,0.03773584905660377,Bay,2020.0
Lions,26.0,23.0,1.0,2.0,3.0,14.0,3.0,6.0,7.0,6.0,10.0,0.0,62.0,27.0,31.0,0.0,5.2,3.3,8.7,322.0,90.0,232.0,5.2,4.0,7.7,377.0,109.0,268.0,63.0,27.0,35.0,0.7096774193548387,31.0,2.0,0.0,4.0,0.0,27.0,16.0,3.0,22.0,33.0,100.0,1.0,3.0,0.0,3.0,4.0,1.0,2.0,1.0,4.0,55.5,19.0,0.0,19.0,0.0,0.0,0.0,24.0,19.8,0.0,0.0,7-46,7.0,46.0,3.0,0.0,26.0,3.0,0.03773584905660377,CardinalsArizona,2020.0
Lions,29.0,35.0,0.0,4.0,14.0,0.0,7.0,8.0,7.0,21.0,7.0,0.0,56.0,22.0,31.0,0.0,5.0,4.1,6.6,281.0,90.0,191.0,5.0,3.9,9.8,392.0,164.0,228.0,69.0,42.0,25.0,0.5483870967741935,31.0,3.0,1.0,3.0,1.0,22.0,12.0,3.0,18.0,50.0,100.0,2.0,1.0,0.0,1.0,0.0,,3.0,1.0,4.0,54.5,0.0,0.0,0.0,33.0,0.0,0.0,25.5,13.5,0.0,0.0,5-49,5.0,49.0,3.0,0.0,26.0,4.0,0.03773584905660377,Orleans,2020.0
Lions,34.0,16.0,1.0,4.0,7.0,10.0,7.0,10.0,3.0,0.0,7.0,6.0,70.0,39.0,31.0,0.0,5.8,4.6,7.2,403.0,180.0,223.0,5.8,2.8,5.5,275.0,44.0,231.0,61.0,16.0,44.0,0.6129032258064516,31.0,1.0,1.0,0.0,3.0,39.0,9.0,12.0,25.0,25.0,100.0,1.0,1.0,1.0,2.0,3.0,0.6666666666666666,4.0,1.0,2.0,45.0,0.0,0.0,0.0,0.0,0.0,0.0,0.0,14.75,0.0,0.0,7-60,7.0,60.0,3.0,0.0,26.0,6.0,0.03773584905660377,JaguarsJacksonville,2020.0
Lions,23.0,22.0,1.0,2.0,7.0,3.0,3.0,10.0,0.0,14.0,0.0,8.0,59.0,21.0,36.0,0.0,6.5,3.0,9.4,386.0,64.0,322.0,6.5,2.5,8.0,388.0,66.0,322.0,70.0,26.0,42.0,0.6944444444444444,36.0,1.0,0.0,2.0,1.0,21.0,15.0,3.0,21.0,30.0,0.0,2.0,0.0,1.0,1.0,4.0,0.75,2.0,1.0,3.0,59.0,3.0,0.0,6.0,0.0,0.0,0.0,20.0,19.5,0.0,0.0,5-50,5.0,50.0,3.0,0.0,26.0,7.0,0.03773584905660377,FalconsAtlanta,2020.0
Lions,21.0,41.0,0.0,3.0,7.0,0.0,7.0,7.0,0.0,20.0,0.0,21.0,60.0,13.0,42.0,1.0,5.4,2.2,8.0,326.0,29.0,297.0,5.4,3.1,7.7,366.0,119.0,247.0,75.0,39.0,34.0,0.5714285714285714,42.0,3.0,1.0,5.0,0.0,13.0,17.0,2.0,20.0,50.0,0.0,2.0,0.0,0.0,0.0,1.0,0.0,3.0,1.0,5.0,52.4,1.0,6.0,2.0,12.0,0.0,0.0,31.0,25.25,0.0,0.0,4-76,4.0,76.0,3.0,0.0,26.0,8.0,0.03773584905660377,ColtsIndianapolis,2020.0
Packers,43.0,34.0,1.0,5.0,3.0,19.0,7.0,14.0,7.0,3.0,0.0,24.0,76.0,32.0,44.0,0.0,6.9,4.9,8.3,522.0,158.0,364.0,6.9,6.1,10.4,382.0,134.0,248.0,49.0,22.0,25.0,0.7272727272727273,44.0,4.0,0.0,0.0,1.0,32.0,17.0,11.0,31.0,54.0,50.0,2.0,1.0,0.0,1.0,2.0,1.0,5.0,1.0,1.0,40.0,0.0,0.0,0.0,0.0,0.0,0.0,18.0,32.0,0.0,0.0,6-63,6.0,63.0,7.0,0.0,18.0,1.0,0.03773584905660377,VikingsMinnesota,2020.0
Packers,42.0,21.0,1.0,4.0,3.0,14.0,17.0,8.0,14.0,0.0,0.0,7.0,66.0,35.0,30.0,0.0,7.4,7.4,8.0,488.0,259.0,229.0,7.4,4.2,7.4,307.0,89.0,218.0,58.0,21.0,33.0,0.6,30.0,2.0,0.0,1.0,2.0,35.0,13.0,9.0,26.0,50.0,100.0,4.0,1.0,0.0,1.0,2.0,1.0,4.0,1.0,3.0,42.7,3.0,0.0,6.0,0.0,0.0,0.0,17.0,27.0,0.0,0.0,8-60,8.0,60.0,7.0,0.0,18.0,2.0,0.03773584905660377,LionsDetroit,2020.0
Packers,37.0,30.0,1.0,4.0,3.0,10.0,14.0,10.0,7.0,10.0,10.0,3.0,59.0,26.0,32.0,0.0,6.3,3.8,8.8,369.0,98.0,271.0,6.3,6.1,8.0,397.0,122.0,275.0,58.0,20.0,36.0,0.65625,32.0,3.0,0.0,1.0,1.0,26.0,14.0,6.0,24.0,45.0,50.0,2.0,0.0,1.0,1.0,3.0,1.0,4.0,1.0,1.0,38.0,0.0,14.0,0.0,14.0,0.0,0.0,15.0,26.0,0.0,0.0,2-10,2.0,10.0,7.0,0.0,18.0,3.0,0.03773584905660377,Orleans,2020.0
Packers,30.0,16.0,1.0,4.0,7.0,13.0,7.0,3.0,0.0,3.0,6.0,7.0,60.0,26.0,33.0,0.0,6.7,3.4,9.9,403.0,88.0,315.0,6.7,3.1,7.3,327.0,78.0,249.0,68.0,25.0,39.0,0.8181818181818182,33.0,4.0,0.0,1.0,0.0,26.0,17.0,4.0,22.0,54.0,50.0,4.0,0.0,0.0,0.0,1.0,1.0,4.0,0.75,2.0,40.5,11.0,0.0,11.0,0.0,0.0,0.0,27.0,19.5,0.0,0.0,3-30,3.0,30.0,7.0,0.0,18.0,4.0,0.03773584905660377,FalconsAtlanta,2020.0
Packers,10.0,38.0,0.0,1.0,10.0,0.0,0.0,0.0,0.0,28.0,10.0,0.0,61.0,21.0,35.0,0.0,3.3,4.5,4.6,201.0,94.0,107.0,3.3,4.5,5.9,324.0,158.0,166.0,63.0,35.0,28.0,0.45714285714285713,35.0,0.0,2.0,5.0,1.0,21.0,9.0,4.0,13.0,41.0,0.0,0.0,0.0,0.0,0.0,1.0,1.0,1.0,1.0,7.0,46.4,0.0,7.5,0.0,30.0,0.0,0.0,0.0,20.0,0.0,0.0,6-76,6.0,76.0,7.0,0.0,18.0,6.0,0.03773584905660377,Bay,2020.0
Packers,35.0,20.0,1.0,5.0,7.0,14.0,7.0,7.0,0.0,0.0,7.0,13.0,61.0,27.0,34.0,0.0,6.2,3.6,8.3,379.0,96.0,283.0,6.2,3.6,7.9,365.0,79.0,286.0,64.0,22.0,39.0,0.6764705882352942,34.0,4.0,0.0,0.0,1.0,27.0,15.0,5.0,22.0,58.0,0.0,3.0,0.0,1.0,1.0,0.0,,5.0,1.0,4.0,51.8,6.0,9.5,6.0,19.0,0.0,0.0,18.0,0.0,0.0,0.0,5-40,5.0,40.0,7.0,0.0,18.0,7.0,0.03773584905660377,TexansHouston,2020.0
Packers,22.0,28.0,0.0,3.0,7.0,7.0,0.0,8.0,7.0,7.0,14.0,0.0,66.0,24.0,41.0,1.0,6.1,4.5,7.1,400.0,109.0,291.0,6.1,5.1,11.4,324.0,173.0,151.0,49.0,34.0,14.0,0.6585365853658537,41.0,3.0,0.0,1.0,0.0,24.0,17.0,5.0,24.0,45.0,60.0,1.0,0.0,0.0,0.0,0.0,,2.0,1.0,1.0,38.0,9.0,0.0,9.0,0.0,0.0,0.0,26.5,16.5,0.0,0.0,9-85,9.0,85.0,7.0,0.0,18.0,8.0,0.03773584905660377,VikingsMinnesota,2020.0
Panthers,30.0,34.0,0.0,3.0,9.0,6.0,0.0,15.0,7.0,10.0,10.0,7.0,65.0,30.0,34.0,0.0,6.0,4.3,7.9,388.0,129.0,259.0,6.0,4.3,8.0,372.0,133.0,239.0,61.0,31.0,30.0,0.6470588235294118,34.0,1.0,0.0,1.0,2.0,30.0,13.0,8.0,22.0,53.0,50.0,0.0,0.0,0.0,0.0,3.0,1.0,2.0,0.5,2.0,60.0,14.5,18.5,29.0,37.0,0.0,0.0,27.25,0.0,0.0,0.0,5-65,5.0,65.0,4.0,0.0,7.0,1.0,0.05660377358490566,Vegas,2020.0
Panthers,17.0,31.0,0.0,2.0,0.0,0.0,7.0,10.0,14.0,7.0,0.0,10.0,71.0,24.0,42.0,2.0,6.0,3.6,8.7,427.0,87.0,340.0,6.0,5.5,6.2,339.0,122.0,217.0,57.0,22.0,35.0,0.7857142857142857,42.0,0.0,2.0,5.0,2.0,24.0,18.0,5.0,24.0,54.0,50.0,0.0,1.0,1.0,2.0,1.0,1.0,2.0,1.0,2.0,50.5,-0.5,0.0,-1.0,0.0,0.0,0.0,0.0,0.0,0.0,0.0,9-77,9.0,77.0,4.0,0.0,7.0,2.0,0.05660377358490566,Bay,2020.0
Panthers,21.0,16.0,1.0,1.0,6.0,12.0,0.0,3.0,0.0,7.0,3.0,6.0,51.0,21.0,28.0,0.0,5.9,3.9,8.4,302.0,81.0,221.0,5.9,5.1,6.7,436.0,117.0,319.0,74.0,23.0,49.0,0.7857142857142857,28.0,1.0,0.0,2.0,0.0,21.0,10.0,2.0,14.0,25.0,0.0,2.0,1.0,3.0,4.0,5.0,1.0,1.0,0.0,4.0,47.2,8.0,5.0,8.0,10.0,0.0,0.0,35.0,23.0,0.0,0.0,3-30,3.0,30.0,4.0,0.0,7.0,3.0,0.05660377358490566,Chargers,2020.0
Panthers,31.0,21.0,1.0,4.0,14.0,7.0,7.0,3.0,0.0,7.0,7.0,7.0,72.0,35.0,37.0,0.0,6.2,4.8,7.5,444.0,168.0,276.0,6.2,5.6,4.3,262.0,129.0,133.0,55.0,23.0,31.0,0.7027027027027027,37.0,2.0,1.0,0.0,2.0,35.0,17.0,11.0,30.0,63.0,100.0,1.0,0.0,1.0,1.0,2.0,0.5,4.0,1.0,1.0,42.0,3.0,0.0,6.0,0.0,0.0,0.0,21.0,0.0,0.0,0.0,10-72,10.0,72.0,4.0,0.0,7.0,4.0,0.05660377358490566,CardinalsArizona,2020.0
Panthers,23.0,16.0,1.0,2.0,3.0,17.0,0.0,3.0,7.0,0.0,3.0,6.0,63.0,27.0,36.0,0.0,6.9,4.6,8.7,437.0,124.0,313.0,6.9,6.9,6.1,373.0,166.0,207.0,63.0,24.0,37.0,0.75,36.0,2.0,0.0,0.0,0.0,27.0,18.0,5.0,24.0,50.0,0.0,2.0,1.0,0.0,1.0,3.0,1.0,2.0,1.0,3.0,44.7,-3.0,3.0,-3.0,3.0,0.0,0.0,21.333333333333332,23.5,0.0,0.0,4-25,4.0,25.0,4.0,0.0,7.0,5.0,0.05660377358490566,FalconsAtlanta,2020.0
Panthers,16.0,23.0,0.0,1.0,3.0,3.0,0.0,10.0,7.0,6.0,7.0,3.0,62.0,29.0,29.0,1.0,4.9,3.9,7.4,303.0,112.0,191.0,4.9,2.5,5.1,261.0,63.0,198.0,64.0,25.0,39.0,0.5517241379310345,29.0,0.0,2.0,4.0,1.0,29.0,8.0,8.0,23.0,23.0,50.0,0.0,1.0,0.0,1.0,4.0,0.75,1.0,1.0,1.0,49.0,9.0,0.0,9.0,0.0,0.0,0.0,24.0,0.0,0.0,0.0,8-69,8.0,69.0,4.0,0.0,7.0,6.0,0.05660377358490566,BearsChicago,2020.0
Panthers,24.0,27.0,0.0,3.0,3.0,14.0,7.0,0.0,7.0,14.0,3.0,3.0,43.0,14.0,28.0,0.0,6.6,2.6,9.1,283.0,37.0,246.0,6.6,4.8,7.8,415.0,138.0,277.0,67.0,29.0,37.0,0.8214285714285714,28.0,2.0,0.0,1.0,1.0,14.0,11.0,4.0,18.0,66.0,0.0,1.0,0.0,1.0,1.0,2.0,0.5,3.0,1.0,1.0,51.0,0.0,0.0,0.0,4.0,0.0,0.0,11.0,23.5,0.0,0.0,1-5,1.0,5.0,4.0,0.0,7.0,7.0,0.05660377358490566,Orleans,2020.0
Panthers,17.0,25.0,0.0,2.0,7.0,7.0,3.0,0.0,6.0,10.0,3.0,6.0,52.0,22.0,27.0,0.0,5.8,6.7,6.6,304.0,147.0,157.0,5.8,3.6,9.4,401.0,131.0,270.0,68.0,36.0,30.0,0.5925925925925926,27.0,1.0,1.0,3.0,1.0,22.0,9.0,6.0,18.0,20.0,33.0,2.0,1.0,0.0,1.0,1.0,1.0,2.0,1.0,2.0,39.0,0.0,0.0,0.0,0.0,0.0,0.0,23.0,0.0,0.0,0.0,6-30,6.0,30.0,4.0,0.0,7.0,8.0,0.05660377358490566,FalconsAtlanta,2020.0
Panthers,17.0,25.0,0.0,2.0,7.0,7.0,3.0,0.0,6.0,10.0,3.0,6.0,52.0,22.0,27.0,0.0,5.8,6.7,6.6,304.0,147.0,157.0,5.8,3.6,9.4,401.0,131.0,270.0,68.0,36.0,30.0,0.5925925925925926,27.0,1.0,1.0,3.0,1.0,22.0,9.0,6.0,18.0,20.0,33.0,2.0,1.0,0.0,1.0,1.0,1.0,2.0,1.0,2.0,39.0,0.0,0.0,0.0,0.0,0.0,0.0,23.0,0.0,0.0,0.0,6-30,6.0,30.0,4.0,0.0,7.0,9.0,0.05660377358490566,FalconsAtlanta,2020.0
Patriots,21.0,11.0,1.0,3.0,0.0,7.0,7.0,7.0,0.0,3.0,0.0,8.0,63.0,42.0,19.0,1.0,5.7,5.2,8.2,357.0,217.0,140.0,5.7,3.2,6.4,269.0,87.0,182.0,58.0,27.0,30.0,0.7894736842105263,19.0,0.0,0.0,2.0,3.0,42.0,8.0,18.0,29.0,50.0,100.0,1.0,3.0,0.0,3.0,1.0,0.0,3.0,1.0,3.0,39.7,0.0,-3.0,0.0,-3.0,0.0,0.0,0.0,0.0,0.0,0.0,3-47,3.0,47.0,12.0,0.0,37.0,1.0,0.03773584905660377,DolphinsMiami,2020.0
Patriots,30.0,35.0,0.0,3.0,7.0,7.0,3.0,13.0,7.0,7.0,14.0,7.0,70.0,25.0,44.0,0.0,6.6,2.7,9.0,464.0,67.0,397.0,6.6,5.1,10.3,429.0,154.0,275.0,60.0,30.0,28.0,0.6818181818181818,44.0,1.0,1.0,1.0,2.0,25.0,22.0,5.0,29.0,58.0,100.0,2.0,1.0,0.0,1.0,2.0,0.5,3.0,1.0,2.0,56.5,0.0,20.0,0.0,20.0,0.0,0.0,24.75,29.666666666666668,0.0,0.0,2-12,2.0,12.0,12.0,0.0,37.0,2.0,0.03773584905660377,SeahawksSeattle,2020.0
Patriots,36.0,20.0,1.0,3.0,0.0,13.0,10.0,13.0,3.0,7.0,0.0,10.0,68.0,38.0,28.0,0.0,6.0,6.6,5.8,406.0,250.0,156.0,6.0,5.7,8.2,375.0,126.0,249.0,56.0,22.0,32.0,0.6071428571428571,28.0,1.0,1.0,2.0,2.0,38.0,8.0,14.0,25.0,27.0,0.0,2.0,0.0,3.0,3.0,3.0,1.0,4.0,0.75,2.0,47.5,5.5,0.0,11.0,0.0,0.0,0.0,17.0,17.0,0.0,0.0,2-33,2.0,33.0,12.0,0.0,37.0,3.0,0.03773584905660377,Vegas,2020.0
Patriots,10.0,26.0,0.0,1.0,0.0,3.0,0.0,7.0,6.0,0.0,7.0,13.0,74.0,35.0,37.0,1.0,4.8,5.3,5.1,357.0,185.0,172.0,4.8,3.8,8.1,323.0,94.0,229.0,55.0,25.0,29.0,0.5405405405405406,37.0,1.0,3.0,2.0,0.0,35.0,12.0,8.0,21.0,40.0,66.0,1.0,0.0,1.0,1.0,1.0,1.0,1.0,1.0,3.0,52.3,12.0,0.0,12.0,0.0,0.0,0.0,0.0,0.0,0.0,0.0,4-43,4.0,43.0,12.0,0.0,37.0,4.0,0.03773584905660377,City,2020.0
Patriots,12.0,18.0,0.0,1.0,0.0,3.0,0.0,9.0,6.0,6.0,6.0,0.0,56.0,25.0,27.0,1.0,5.1,4.7,7.2,288.0,117.0,171.0,5.1,3.6,7.9,299.0,135.0,164.0,63.0,37.0,24.0,0.7037037037037037,27.0,0.0,2.0,4.0,1.0,25.0,9.0,5.0,14.0,30.0,50.0,2.0,2.0,0.0,2.0,2.0,1.0,0.0,0.0,3.0,48.3,0.0,0.0,0.0,0.0,0.0,0.0,25.666666666666668,14.0,0.0,0.0,1-4,1.0,4.0,12.0,0.0,37.0,6.0,0.03773584905660377,BroncosDenver,2020.0
Patriots,6.0,33.0,0.0,0.0,0.0,3.0,3.0,0.0,7.0,16.0,7.0,3.0,49.0,22.0,25.0,0.0,4.9,4.3,6.5,241.0,94.0,147.0,4.9,5.3,11.1,467.0,197.0,270.0,63.0,37.0,25.0,0.6,25.0,0.0,4.0,2.0,0.0,22.0,10.0,5.0,17.0,16.0,0.0,1.0,2.0,0.0,2.0,2.0,1.0,0.0,0.0,2.0,45.0,0.0,0.0,0.0,0.0,0.0,0.0,25.833333333333332,19.5,0.0,0.0,3-30,3.0,30.0,12.0,0.0,37.0,7.0,0.03773584905660377,Francisco,2020.0
Patriots,21.0,24.0,0.0,2.0,0.0,6.0,8.0,7.0,7.0,0.0,7.0,10.0,61.0,34.0,25.0,1.0,5.7,5.5,7.0,349.0,188.0,161.0,5.7,5.0,8.6,339.0,190.0,149.0,57.0,38.0,18.0,0.6,25.0,0.0,0.0,2.0,2.0,34.0,8.0,11.0,20.0,50.0,0.0,1.0,1.0,0.0,1.0,2.0,1.0,1.0,1.0,4.0,43.2,15.0,0.0,15.0,0.0,0.0,0.0,17.666666666666668,24.0,0.0,0.0,5-35,5.0,35.0,12.0,0.0,37.0,8.0,0.03773584905660377,BillsBuffalo,2020.0
Redskins,27.0,17.0,1.0,3.0,0.0,7.0,7.0,13.0,10.0,7.0,0.0,0.0,70.0,36.0,31.0,0.0,3.4,2.2,5.7,239.0,80.0,159.0,3.4,3.4,6.4,265.0,57.0,208.0,67.0,17.0,42.0,0.5483870967741935,31.0,1.0,0.0,3.0,2.0,36.0,11.0,5.0,18.0,27.0,50.0,8.0,2.0,1.0,3.0,3.0,0.6666666666666666,3.0,1.0,7.0,47.0,3.4,11.0,17.0,14.0,0.0,0.0,0.0,0.0,0.0,0.0,7-55,7.0,55.0,1.0,0.0,2.0,1.0,0.03773584905660377,EaglesPhiladelphia,2020.0
Redskins,15.0,30.0,0.0,2.0,0.0,0.0,3.0,12.0,14.0,6.0,0.0,10.0,60.0,23.0,33.0,2.0,5.3,5.1,6.8,316.0,117.0,199.0,5.3,5.0,7.5,438.0,160.0,278.0,73.0,32.0,38.0,0.5757575757575758,33.0,1.0,0.0,4.0,1.0,23.0,10.0,7.0,19.0,33.0,100.0,3.0,1.0,0.0,1.0,1.0,1.0,0.0,0,6.0,47.3,4.5,2.5,17.0,5.0,0.0,0.0,14.0,0.0,0.0,0.0,6-42,6.0,42.0,1.0,0.0,2.0,2.0,0.03773584905660377,CardinalsArizona,2020.0
Redskins,20.0,34.0,0.0,3.0,7.0,0.0,13.0,0.0,0.0,17.0,0.0,17.0,62.0,22.0,37.0,2.0,5.0,4.7,6.1,309.0,103.0,206.0,5.0,4.3,6.8,300.0,158.0,142.0,62.0,37.0,23.0,0.5675675675675675,37.0,2.0,3.0,3.0,1.0,22.0,12.0,6.0,19.0,45.0,100.0,2.0,0.0,0.0,0.0,0.0,,3.0,0.6666666666666666,3.0,49.0,7.67,11.0,23.0,11.0,0.0,0.0,0.0,31.0,0.0,0.0,4-40,4.0,40.0,1.0,0.0,2.0,3.0,0.03773584905660377,BrownsCleveland,2020.0
Redskins,17.0,31.0,0.0,2.0,0.0,10.0,0.0,7.0,7.0,14.0,7.0,3.0,70.0,22.0,45.0,1.0,4.9,3.1,7.0,343.0,69.0,274.0,4.9,4.5,9.0,350.0,144.0,206.0,56.0,32.0,23.0,0.7111111111111111,45.0,0.0,0.0,3.0,2.0,22.0,17.0,6.0,24.0,30.0,66.0,1.0,2.0,0.0,2.0,2.0,0.5,2.0,1.0,5.0,45.8,-1.5,4.665,-3.0,28.0,0.0,0.0,15.0,0.0,0.0,0.0,2-20,2.0,20.0,1.0,0.0,2.0,4.0,0.03773584905660377,RavensBaltimore,2020.0
Redskins,10.0,30.0,0.0,1.0,7.0,3.0,0.0,0.0,6.0,14.0,3.0,7.0,52.0,14.0,30.0,0.0,2.1,2.7,3.7,108.0,38.0,70.0,2.1,3.7,10.3,429.0,129.0,300.0,66.0,35.0,30.0,0.6,30.0,0.0,0.0,8.0,1.0,14.0,5.0,2.0,10.0,15.0,0.0,1.0,1.0,0.0,1.0,1.0,1.0,1.0,1.0,10.0,51.1,6.5,8.67,13.0,31.0,0.0,0.0,24.0,0.0,0.0,0.0,3-40,3.0,40.0,1.0,0.0,2.0,5.0,0.03773584905660377,Rams,2020.0
Redskins,19.0,20.0,0.0,2.0,0.0,10.0,0.0,9.0,10.0,3.0,0.0,7.0,69.0,24.0,42.0,1.0,4.9,3.6,6.7,337.0,86.0,251.0,4.9,5.1,5.9,240.0,132.0,108.0,46.0,26.0,19.0,0.7380952380952381,42.0,2.0,1.0,3.0,0.0,24.0,16.0,6.0,24.0,53.0,100.0,1.0,1.0,0.0,1.0,3.0,0.6666666666666666,1.0,1.0,1.0,55.0,2.0,0.0,2.0,0.0,0.0,0.0,17.5,12.0,0.0,0.0,8-50,8.0,50.0,1.0,0.0,2.0,6.0,0.03773584905660377,Giants,2020.0
Redskins,25.0,3.0,1.0,3.0,9.0,13.0,0.0,3.0,3.0,0.0,0.0,0.0,66.0,39.0,25.0,0.0,6.0,5.3,7.8,397.0,208.0,189.0,6.0,3.2,5.2,142.0,83.0,59.0,54.0,26.0,22.0,0.6,25.0,2.0,0.0,2.0,1.0,39.0,8.0,10.0,21.0,60.0,0.0,6.0,1.0,0.0,1.0,2.0,0.5,2.0,1.0,2.0,38.0,3.0,0.0,3.0,0.0,0.0,0.0,19.5,48.5,0.0,0.0,4-30,4.0,30.0,1.0,0.0,2.0,7.0,0.03773584905660377,CowboysDallas,2020.0
Raiders,34.0,30.0,1.0,4.0,7.0,10.0,10.0,7.0,9.0,6.0,0.0,15.0,61.0,31.0,30.0,0.0,6.1,4.3,8.0,372.0,133.0,239.0,6.1,4.3,7.9,388.0,129.0,259.0,65.0,30.0,34.0,0.7333333333333333,30.0,1.0,0.0,0.0,3.0,31.0,11.0,10.0,23.0,54.0,0.0,1.0,0.0,0.0,0.0,2.0,1.0,4.0,1.0,3.0,42.3,18.5,14.5,37.0,29.0,0.0,0.0,0.0,27.25,0.0,0.0,3-40,3.0,40.0,1.0,0.0,12.0,1.0,0.018867924528301886,PanthersCarolina,2020.0
Raiders,34.0,24.0,1.0,4.0,0.0,17.0,7.0,10.0,10.0,7.0,0.0,7.0,76.0,35.0,38.0,1.0,5.0,3.3,7.5,377.0,116.0,261.0,5.0,5.9,8.2,424.0,112.0,312.0,57.0,19.0,38.0,0.7368421052631579,38.0,3.0,0.0,3.0,1.0,35.0,18.0,5.0,28.0,58.0,100.0,0.0,1.0,0.0,1.0,2.0,1.0,4.0,1.0,2.0,39.0,5.0,0.0,5.0,0.0,0.0,0.0,23.0,32.0,0.0,0.0,3-13,3.0,13.0,1.0,0.0,12.0,2.0,0.018867924528301886,Orleans,2020.0
Raiders,20.0,36.0,0.0,2.0,3.0,7.0,0.0,10.0,0.0,13.0,10.0,13.0,56.0,22.0,32.0,3.0,6.7,5.7,8.2,375.0,126.0,249.0,6.7,6.6,5.8,406.0,250.0,156.0,68.0,38.0,28.0,0.75,32.0,2.0,0.0,2.0,0.0,22.0,13.0,7.0,22.0,33.0,0.0,2.0,1.0,0.0,1.0,3.0,0.6666666666666666,2.0,1.0,3.0,45.3,0.0,11.0,0.0,11.0,0.0,0.0,17.0,17.0,0.0,0.0,6-40,6.0,40.0,1.0,0.0,12.0,3.0,0.018867924528301886,England,2020.0
Raiders,23.0,30.0,0.0,2.0,3.0,10.0,3.0,7.0,7.0,10.0,0.0,13.0,69.0,23.0,44.0,2.0,5.6,3.7,7.1,383.0,86.0,297.0,5.6,2.6,8.5,337.0,63.0,274.0,59.0,24.0,34.0,0.7272727272727273,44.0,2.0,0.0,2.0,0.0,23.0,16.0,7.0,24.0,57.0,50.0,1.0,0.0,0.0,0.0,3.0,1.0,2.0,1.0,1.0,57.0,16.0,38.0,16.0,38.0,0.0,0.0,23.5,0.0,0.0,0.0,7-65,7.0,65.0,1.0,0.0,12.0,4.0,0.018867924528301886,BillsBuffalo,2020.0
Raiders,40.0,32.0,1.0,5.0,3.0,21.0,0.0,16.0,7.0,17.0,0.0,8.0,67.0,35.0,31.0,0.0,7.3,4.1,11.2,490.0,144.0,346.0,7.3,4.0,7.9,413.0,80.0,333.0,66.0,20.0,43.0,0.7096774193548387,31.0,3.0,1.0,1.0,2.0,35.0,12.0,8.0,22.0,50.0,100.0,3.0,1.0,0.0,1.0,2.0,1.0,5.0,0.8,2.0,53.0,0.0,0.0,0.0,0.0,0.0,0.0,15.0,22.5,0.0,0.0,8-59,8.0,59.0,1.0,0.0,12.0,5.0,0.018867924528301886,City,2020.0
Raiders,20.0,45.0,0.0,2.0,7.0,3.0,7.0,3.0,7.0,14.0,3.0,21.0,63.0,24.0,36.0,0.0,5.5,3.2,7.9,347.0,76.0,271.0,5.5,3.4,8.2,454.0,85.0,369.0,70.0,25.0,45.0,0.6666666666666666,36.0,2.0,1.0,3.0,0.0,24.0,12.0,5.0,19.0,38.0,50.0,0.0,0.0,0.0,0.0,2.0,1.0,2.0,1.0,3.0,40.3,0.0,0.0,0.0,0.0,0.0,0.0,4.0,24.5,0.0,0.0,4-35,4.0,35.0,1.0,0.0,12.0,7.0,0.018867924528301886,Bay,2020.0
Raiders,16.0,6.0,1.0,1.0,0.0,6.0,0.0,10.0,0.0,3.0,3.0,0.0,71.0,45.0,24.0,0.0,4.4,4.6,4.6,309.0,209.0,100.0,4.4,4.6,4.9,223.0,101.0,122.0,47.0,22.0,25.0,0.625,24.0,1.0,0.0,2.0,0.0,45.0,7.0,15.0,24.0,57.0,100.0,0.0,0.0,1.0,1.0,4.0,0.75,1.0,1.0,1.0,56.0,13.0,0.0,13.0,0.0,0.0,0.0,16.5,33.0,0.0,0.0,5-25,5.0,25.0,1.0,0.0,12.0,8.0,0.018867924528301886,BrownsCleveland,2020.0
Rams,20.0,17.0,1.0,2.0,7.0,6.0,7.0,0.0,0.0,14.0,3.0,0.0,72.0,40.0,31.0,0.0,5.9,3.8,8.9,422.0,153.0,269.0,5.9,5.0,6.8,380.0,136.0,244.0,69.0,27.0,39.0,0.6451612903225806,31.0,0.0,1.0,1.0,2.0,40.0,12.0,11.0,23.0,52.0,100.0,3.0,0.0,0.0,0.0,3.0,0.6666666666666666,2.0,1.0,3.0,47.3,0.0,20.0,0.0,20.0,0.0,0.0,20.0,24.0,0.0,0.0,5-34,5.0,34.0,4.0,0.0,52.0,1.0,0.07547169811320754,CowboysDallas,2020.0
Rams,37.0,19.0,1.0,5.0,14.0,7.0,3.0,13.0,3.0,13.0,0.0,3.0,67.0,39.0,27.0,1.0,6.7,4.9,9.9,449.0,191.0,258.0,6.7,4.7,5.6,363.0,121.0,242.0,69.0,26.0,43.0,0.7407407407407407,27.0,3.0,0.0,1.0,2.0,39.0,17.0,11.0,30.0,58.0,100.0,0.0,2.0,1.0,3.0,1.0,1.0,5.0,0.8,2.0,48.0,8.0,0.0,8.0,0.0,0.0,0.0,19.0,20.333333333333332,0.0,0.0,4-24,4.0,24.0,4.0,0.0,52.0,2.0,0.07547169811320754,EaglesPhiladelphia,2020.0
Rams,32.0,35.0,0.0,4.0,0.0,3.0,14.0,15.0,7.0,14.0,7.0,7.0,66.0,32.0,32.0,1.0,7.2,5.2,10.0,478.0,167.0,311.0,7.2,4.8,9.4,375.0,101.0,274.0,58.0,21.0,33.0,0.71875,32.0,2.0,1.0,2.0,2.0,32.0,15.0,13.0,28.0,60.0,0.0,4.0,1.0,1.0,2.0,2.0,0.5,3.0,1.0,0.0,,0.0,0.0,0.0,0.0,0.0,0.0,15.0,36.5,0.0,0.0,3-30,3.0,30.0,4.0,0.0,52.0,3.0,0.07547169811320754,BillsBuffalo,2020.0
Rams,17.0,9.0,1.0,2.0,7.0,3.0,0.0,7.0,0.0,6.0,0.0,3.0,57.0,23.0,32.0,1.0,4.2,2.5,6.2,240.0,58.0,182.0,4.2,5.4,5.3,295.0,136.0,159.0,66.0,25.0,36.0,0.78125,32.0,1.0,0.0,2.0,1.0,23.0,8.0,7.0,15.0,38.0,100.0,5.0,1.0,0.0,1.0,1.0,1.0,2.0,1.0,5.0,56.0,8.0,10.0,16.0,30.0,0.0,0.0,27.5,27.0,0.0,0.0,1-5,1.0,5.0,4.0,0.0,52.0,4.0,0.07547169811320754,Giants,2020.0
Rams,30.0,10.0,1.0,4.0,6.0,14.0,3.0,7.0,7.0,3.0,0.0,0.0,66.0,35.0,30.0,0.0,6.5,3.7,10.3,429.0,129.0,300.0,6.5,2.7,3.7,108.0,38.0,70.0,52.0,14.0,30.0,0.7,30.0,2.0,1.0,1.0,2.0,35.0,11.0,7.0,20.0,40.0,0.0,8.0,0.0,0.0,0.0,1.0,1.0,4.0,0.75,5.0,41.0,4.335,3.25,31.0,13.0,0.0,0.0,0.0,24.0,0.0,0.0,5-60,5.0,60.0,4.0,0.0,52.0,5.0,0.07547169811320754,TeamWashington,2020.0
Rams,16.0,24.0,0.0,2.0,0.0,6.0,3.0,7.0,7.0,14.0,0.0,3.0,57.0,19.0,38.0,0.0,5.5,5.9,5.2,311.0,113.0,198.0,5.5,3.3,8.1,390.0,122.0,268.0,70.0,37.0,33.0,0.5,38.0,2.0,1.0,0.0,0.0,19.0,9.0,7.0,17.0,33.0,0.0,0.0,0.0,0.0,0.0,1.0,1.0,2.0,0.5,6.0,48.5,8.5,5.0,29.0,20.0,0.0,0.0,23.0,21.0,0.0,0.0,6-34,6.0,34.0,4.0,0.0,52.0,6.0,0.07547169811320754,Francisco,2020.0
Rams,24.0,10.0,1.0,3.0,7.0,3.0,14.0,0.0,0.0,3.0,0.0,7.0,68.0,34.0,33.0,1.0,5.5,4.7,6.7,371.0,160.0,211.0,5.5,2.9,6.5,279.0,49.0,230.0,61.0,17.0,40.0,0.696969696969697,33.0,2.0,0.0,1.0,1.0,34.0,12.0,9.0,24.0,30.0,0.0,4.0,2.0,0.0,2.0,2.0,0.5,3.0,1.0,5.0,44.2,3.5,0.0,14.0,0.0,0.0,0.0,20.5,23.5,0.0,0.0,4-46,4.0,46.0,4.0,0.0,52.0,7.0,0.07547169811320754,BearsChicago,2020.0
Rams,17.0,28.0,0.0,2.0,7.0,3.0,0.0,7.0,7.0,21.0,0.0,0.0,92.0,29.0,61.0,2.0,5.1,4.5,5.8,471.0,131.0,340.0,5.1,2.2,4.2,145.0,55.0,90.0,48.0,25.0,22.0,0.5737704918032787,61.0,1.0,2.0,2.0,1.0,29.0,19.0,11.0,31.0,41.0,0.0,1.0,0.0,2.0,2.0,2.0,0.5,2.0,1.0,6.0,47.3,2.33,88.0,7.0,88.0,0.0,1.0,14.5,45.0,0.0,0.0,5-45,5.0,45.0,4.0,0.0,52.0,8.0,0.07547169811320754,DolphinsMiami,2020.0
Ravens,38.0,6.0,1.0,5.0,10.0,14.0,7.0,7.0,6.0,0.0,0.0,0.0,58.0,30.0,26.0,1.0,6.6,3.7,10.9,381.0,111.0,270.0,6.6,5.1,4.8,306.0,138.0,168.0,68.0,27.0,39.0,0.8076923076923077,26.0,3.0,0.0,2.0,2.0,30.0,16.0,7.0,23.0,54.0,0.0,2.0,1.0,2.0,3.0,1.0,1.0,5.0,1.0,3.0,41.7,13.0,1.0,26.0,1.0,0.0,0.0,32.0,0.0,0.0,0.0,7-66,7.0,66.0,2.0,0.0,25.0,1.0,0.07547169811320754,BrownsCleveland,2020.0
Ravens,33.0,16.0,1.0,2.0,3.0,17.0,3.0,10.0,0.0,10.0,0.0,6.0,65.0,37.0,24.0,0.0,6.3,6.2,8.5,407.0,230.0,177.0,6.3,3.0,7.6,304.0,51.0,253.0,57.0,17.0,36.0,0.75,24.0,1.0,0.0,4.0,1.0,37.0,11.0,11.0,23.0,35.0,100.0,4.0,1.0,1.0,2.0,4.0,1.0,3.0,1.0,2.0,47.0,8.0,10.0,8.0,10.0,0.0,0.0,18.333333333333332,17.0,0.0,0.0,3-21,3.0,21.0,2.0,0.0,25.0,2.0,0.07547169811320754,TexansHouston,2020.0
Ravens,20.0,34.0,0.0,1.0,3.0,7.0,3.0,7.0,6.0,21.0,0.0,7.0,53.0,21.0,28.0,1.0,4.3,7.5,3.5,228.0,158.0,70.0,4.3,4.3,9.2,517.0,132.0,385.0,73.0,31.0,42.0,0.5357142857142857,28.0,1.0,0.0,4.0,0.0,21.0,5.0,8.0,16.0,33.0,0.0,0.0,0.0,1.0,1.0,2.0,1.0,2.0,1.0,3.0,49.0,16.0,7.0,16.0,7.0,0.0,0.0,59.5,19.0,0.0,1.0,6-45,6.0,45.0,2.0,0.0,25.0,3.0,0.07547169811320754,City,2020.0
Ravens,31.0,17.0,1.0,4.0,7.0,14.0,7.0,3.0,0.0,10.0,0.0,7.0,56.0,32.0,23.0,0.0,6.2,4.5,9.0,350.0,144.0,206.0,6.2,3.1,7.0,343.0,69.0,274.0,70.0,22.0,45.0,0.6521739130434783,23.0,2.0,2.0,1.0,2.0,32.0,10.0,7.0,18.0,45.0,100.0,3.0,0.0,1.0,1.0,1.0,1.0,4.0,1.0,3.0,47.0,9.33,-3.0,28.0,-3.0,0.0,0.0,0.0,15.0,0.0,0.0,5-30,5.0,30.0,2.0,0.0,25.0,4.0,0.07547169811320754,TeamWashington,2020.0
Ravens,27.0,3.0,1.0,2.0,10.0,7.0,3.0,7.0,0.0,0.0,0.0,3.0,62.0,24.0,37.0,0.0,5.4,6.7,4.9,332.0,161.0,171.0,5.4,2.5,6.1,205.0,70.0,135.0,65.0,28.0,30.0,0.5135135135135135,37.0,2.0,1.0,1.0,0.0,24.0,10.0,6.0,17.0,46.0,0.0,7.0,1.0,2.0,3.0,3.0,0.6666666666666666,3.0,1.0,4.0,44.2,3.33,4.0,10.0,4.0,0.0,0.0,30.0,0.0,0.0,0.0,4-25,4.0,25.0,2.0,0.0,25.0,5.0,0.07547169811320754,BengalsCincinnati,2020.0
Ravens,30.0,28.0,1.0,3.0,14.0,3.0,7.0,6.0,0.0,0.0,6.0,22.0,67.0,37.0,27.0,0.0,5.3,4.9,6.9,355.0,182.0,173.0,5.3,10.8,5.3,364.0,194.0,170.0,64.0,18.0,40.0,0.5925925925925926,27.0,1.0,0.0,3.0,2.0,37.0,10.0,7.0,17.0,37.0,0.0,6.0,0.0,1.0,1.0,3.0,1.0,3.0,1.0,7.0,46.4,8.6,6.67,43.0,20.0,0.0,0.0,37.0,21.5,0.0,0.0,12-132,12.0,132.0,2.0,0.0,25.0,6.0,0.07547169811320754,EaglesPhiladelphia,2020.0
Ravens,27.0,3.0,1.0,2.0,10.0,7.0,3.0,7.0,0.0,0.0,0.0,3.0,62.0,24.0,37.0,0.0,5.4,6.7,4.9,332.0,161.0,171.0,5.4,2.5,6.1,205.0,70.0,135.0,65.0,28.0,30.0,0.5135135135135135,37.0,2.0,1.0,1.0,0.0,24.0,10.0,6.0,17.0,46.0,0.0,7.0,1.0,2.0,3.0,3.0,0.6666666666666666,3.0,1.0,4.0,44.2,3.33,4.0,10.0,4.0,0.0,0.0,30.0,0.0,0.0,0.0,4-25,4.0,25.0,2.0,0.0,25.0,8.0,0.07547169811320754,BengalsCincinnati,2020.0
Saints,34.0,23.0,1.0,3.0,0.0,17.0,7.0,10.0,7.0,0.0,10.0,6.0,66.0,34.0,31.0,0.0,4.1,2.4,6.4,271.0,82.0,189.0,4.1,3.3,6.6,310.0,86.0,224.0,65.0,26.0,36.0,0.6129032258064516,31.0,2.0,0.0,1.0,1.0,34.0,10.0,5.0,18.0,33.0,0.0,3.0,2.0,1.0,3.0,2.0,1.0,4.0,1.0,6.0,44.0,14.75,0.0,59.0,0.0,0.0,0.0,0.0,0.0,0.0,0.0,6-119,6.0,119.0,5.0,0.0,24.0,1.0,0.1509433962264151,Bay,2020.0
Saints,24.0,34.0,0.0,3.0,10.0,7.0,0.0,7.0,0.0,17.0,7.0,10.0,57.0,19.0,38.0,0.0,7.4,5.9,8.2,424.0,112.0,312.0,7.4,3.3,7.5,377.0,116.0,261.0,76.0,35.0,38.0,0.6842105263157895,38.0,1.0,1.0,0.0,2.0,19.0,17.0,8.0,26.0,63.0,0.0,3.0,0.0,1.0,1.0,1.0,1.0,3.0,1.0,3.0,36.3,0.0,5.0,0.0,5.0,0.0,0.0,32.0,23.0,0.0,0.0,10-129,10.0,129.0,5.0,0.0,24.0,2.0,0.1509433962264151,Vegas,2020.0
Saints,30.0,37.0,0.0,3.0,7.0,10.0,10.0,3.0,3.0,10.0,14.0,10.0,58.0,20.0,36.0,1.0,6.8,6.1,8.0,397.0,122.0,275.0,6.8,3.8,8.8,369.0,98.0,271.0,59.0,26.0,32.0,0.8055555555555556,36.0,3.0,0.0,2.0,0.0,20.0,14.0,5.0,21.0,45.0,100.0,1.0,0.0,0.0,0.0,3.0,1.0,3.0,1.0,3.0,38.3,14.0,0.0,14.0,0.0,0.0,0.0,26.0,15.0,0.0,0.0,8-83,8.0,83.0,5.0,0.0,24.0,3.0,0.1509433962264151,Bay,2020.0
Saints,35.0,29.0,1.0,5.0,7.0,21.0,7.0,0.0,14.0,0.0,7.0,8.0,69.0,42.0,25.0,0.0,5.7,3.9,9.8,392.0,164.0,228.0,5.7,4.1,6.6,281.0,90.0,191.0,56.0,22.0,31.0,0.76,25.0,2.0,1.0,2.0,3.0,42.0,15.0,13.0,29.0,71.0,100.0,3.0,1.0,0.0,1.0,0.0,,5.0,1.0,2.0,33.0,8.25,0.0,33.0,0.0,0.0,0.0,13.5,25.5,0.0,0.0,4-67,4.0,67.0,5.0,0.0,24.0,4.0,0.1509433962264151,LionsDetroit,2020.0
Saints,30.0,27.0,1.0,3.0,3.0,7.0,3.0,14.0,6.0,14.0,0.0,7.0,75.0,25.0,48.0,0.0,5.4,3.8,6.8,408.0,95.0,313.0,5.4,3.5,7.8,350.0,111.0,239.0,69.0,32.0,34.0,0.6875,48.0,1.0,1.0,2.0,2.0,25.0,17.0,6.0,23.0,33.0,0.0,3.0,0.0,0.0,0.0,3.0,1.0,3.0,1.0,6.0,46.8,11.5,9.0,69.0,9.0,0.0,0.0,29.333333333333332,17.5,0.0,0.0,5-60,5.0,60.0,5.0,0.0,24.0,5.0,0.1509433962264151,Chargers,2020.0
Saints,27.0,24.0,1.0,3.0,7.0,14.0,3.0,3.0,3.0,14.0,7.0,0.0,67.0,29.0,37.0,1.0,6.2,4.8,7.8,415.0,138.0,277.0,6.2,2.6,9.1,283.0,37.0,246.0,43.0,14.0,28.0,0.8108108108108109,37.0,2.0,0.0,1.0,1.0,29.0,16.0,9.0,26.0,85.0,0.0,1.0,0.0,0.0,0.0,2.0,1.0,3.0,1.0,0.0,,4.0,0.0,4.0,0.0,0.0,0.0,23.5,11.0,0.0,0.0,6-50,6.0,50.0,5.0,0.0,24.0,7.0,0.1509433962264151,PanthersCarolina,2020.0
Saints,34.0,23.0,1.0,3.0,0.0,17.0,7.0,10.0,7.0,0.0,10.0,6.0,66.0,34.0,31.0,0.0,4.1,2.4,6.4,271.0,82.0,189.0,4.1,3.3,6.6,310.0,86.0,224.0,65.0,26.0,36.0,0.6129032258064516,31.0,2.0,0.0,1.0,1.0,34.0,10.0,5.0,18.0,33.0,0.0,3.0,2.0,1.0,3.0,2.0,1.0,4.0,1.0,6.0,44.0,14.75,0.0,59.0,0.0,0.0,0.0,0.0,0.0,0.0,0.0,6-119,6.0,119.0,5.0,0.0,24.0,8.0,0.1509433962264151,Bay,2020.0
Seahawks,38.0,25.0,1.0,5.0,14.0,0.0,14.0,10.0,3.0,9.0,0.0,13.0,58.0,20.0,35.0,0.0,6.6,4.2,9.2,383.0,84.0,299.0,6.6,3.4,8.3,506.0,72.0,434.0,77.0,21.0,54.0,0.8857142857142857,35.0,4.0,0.0,3.0,1.0,20.0,15.0,6.0,22.0,33.0,100.0,2.0,1.0,1.0,2.0,1.0,1.0,5.0,1.0,4.0,47.8,15.0,8.0,15.0,8.0,0.0,0.0,21.5,0.0,0.0,0.0,6-46,6.0,46.0,7.0,0.0,27.0,1.0,0.05660377358490566,FalconsAtlanta,2020.0
Seahawks,35.0,30.0,1.0,5.0,7.0,7.0,14.0,7.0,7.0,7.0,3.0,13.0,60.0,30.0,28.0,0.0,7.2,5.1,10.3,429.0,154.0,275.0,7.2,2.7,9.0,464.0,67.0,397.0,70.0,25.0,44.0,0.75,28.0,5.0,1.0,2.0,0.0,30.0,11.0,10.0,22.0,42.0,0.0,1.0,1.0,0.0,1.0,0.0,,5.0,1.0,4.0,50.0,20.0,0.0,20.0,0.0,0.0,0.0,29.666666666666668,24.75,0.0,0.0,9-68,9.0,68.0,7.0,0.0,27.0,2.0,0.05660377358490566,England,2020.0
Seahawks,38.0,31.0,1.0,5.0,9.0,14.0,7.0,8.0,9.0,6.0,7.0,9.0,70.0,26.0,40.0,1.0,5.9,4.5,7.9,412.0,117.0,295.0,5.9,2.9,8.3,522.0,61.0,461.0,80.0,21.0,57.0,0.675,40.0,5.0,0.0,4.0,0.0,26.0,15.0,4.0,23.0,38.0,100.0,2.0,2.0,1.0,3.0,0.0,,4.0,1.0,7.0,54.7,0.0,11.67,0.0,33.0,0.0,0.0,13.0,0.0,0.0,0.0,5-30,5.0,30.0,7.0,0.0,27.0,3.0,0.05660377358490566,CowboysDallas,2020.0
Seahawks,31.0,23.0,1.0,4.0,10.0,7.0,0.0,14.0,3.0,6.0,3.0,11.0,62.0,26.0,34.0,0.0,7.1,3.8,10.6,441.0,98.0,343.0,7.1,4.7,7.0,415.0,103.0,312.0,68.0,22.0,45.0,0.7058823529411765,34.0,2.0,1.0,2.0,2.0,26.0,17.0,8.0,26.0,40.0,0.0,1.0,2.0,0.0,2.0,1.0,1.0,4.0,1.0,2.0,46.0,0.0,11.0,0.0,11.0,0.0,0.0,17.5,5.0,0.0,0.0,0-0,0.0,0.0,7.0,0.0,27.0,4.0,0.05660377358490566,DolphinsMiami,2020.0
Seahawks,27.0,26.0,1.0,4.0,0.0,0.0,21.0,6.0,7.0,6.0,6.0,7.0,52.0,16.0,32.0,0.0,6.0,7.8,6.8,314.0,124.0,190.0,6.0,4.9,6.4,449.0,201.0,248.0,83.0,41.0,39.0,0.625,32.0,3.0,1.0,4.0,1.0,16.0,12.0,6.0,18.0,,100.0,3.0,1.0,1.0,2.0,0.0,,3.0,1.0,5.0,45.2,15.0,2.33,15.0,7.0,0.0,0.0,0.0,18.5,0.0,0.0,3-25,3.0,25.0,7.0,0.0,27.0,5.0,0.05660377358490566,VikingsMinnesota,2020.0
Seahawks,34.0,37.0,0.0,4.0,10.0,17.0,0.0,7.0,7.0,10.0,7.0,10.0,82.0,30.0,50.0,0.0,7.0,6.7,7.8,572.0,200.0,372.0,7.0,4.8,7.5,519.0,159.0,360.0,81.0,33.0,48.0,0.66,50.0,3.0,3.0,2.0,1.0,30.0,21.0,11.0,33.0,38.0,100.0,0.0,1.0,1.0,2.0,2.0,1.0,4.0,1.0,3.0,51.0,0.0,10.0,0.0,10.0,0.0,0.0,14.5,21.0,0.0,0.0,8-78,8.0,78.0,7.0,0.0,27.0,7.0,0.05660377358490566,CardinalsArizona,2020.0
Seahawks,37.0,27.0,1.0,5.0,6.0,7.0,14.0,10.0,0.0,7.0,0.0,20.0,67.0,28.0,37.0,0.0,5.2,3.6,7.1,350.0,101.0,249.0,5.2,2.4,7.9,351.0,52.0,299.0,66.0,22.0,41.0,0.7297297297297297,37.0,4.0,0.0,2.0,1.0,28.0,16.0,7.0,27.0,60.0,0.0,3.0,1.0,1.0,2.0,1.0,1.0,5.0,0.8,4.0,54.0,12.0,20.0,24.0,20.0,0.0,0.0,19.0,18.5,0.0,0.0,6-30,6.0,30.0,7.0,0.0,27.0,8.0,0.05660377358490566,Francisco,2020.0
Steelers,26.0,16.0,1.0,3.0,3.0,13.0,0.0,10.0,3.0,7.0,0.0,6.0,64.0,30.0,32.0,1.0,5.5,4.7,7.2,349.0,141.0,208.0,5.5,1.4,6.8,291.0,29.0,262.0,64.0,20.0,41.0,0.65625,32.0,3.0,0.0,2.0,0.0,30.0,14.0,5.0,19.0,53.0,100.0,3.0,2.0,0.0,2.0,2.0,1.0,3.0,0.6666666666666666,4.0,45.8,4.33,13.0,13.0,39.0,0.0,0.0,33.0,0.0,0.0,0.0,3-21,3.0,21.0,6.0,0.0,49.0,1.0,0.1509433962264151,Giants,2020.0
Steelers,26.0,21.0,1.0,3.0,7.0,10.0,0.0,9.0,0.0,3.0,11.0,7.0,64.0,22.0,41.0,1.0,6.4,5.0,7.6,410.0,109.0,301.0,6.4,4.0,7.1,319.0,104.0,215.0,72.0,26.0,39.0,0.7073170731707317,41.0,2.0,1.0,1.0,1.0,22.0,15.0,4.0,19.0,16.0,50.0,7.0,1.0,1.0,2.0,1.0,1.0,3.0,1.0,5.0,41.8,12.5,7.5,25.0,15.0,0.0,0.0,29.333333333333332,18.666666666666668,0.0,0.0,10-89,10.0,89.0,6.0,0.0,49.0,2.0,0.1509433962264151,BroncosDenver,2020.0
Steelers,28.0,21.0,1.0,3.0,3.0,14.0,3.0,8.0,7.0,14.0,0.0,0.0,76.0,38.0,36.0,0.0,5.1,4.4,6.6,387.0,169.0,218.0,5.1,1.9,9.8,260.0,29.0,231.0,47.0,15.0,27.0,0.6388888888888888,36.0,2.0,0.0,2.0,1.0,38.0,13.0,10.0,25.0,44.0,100.0,5.0,1.0,0.0,1.0,2.0,1.0,2.0,1.0,4.0,44.2,6.25,4.5,25.0,17.0,0.0,0.0,23.5,19.0,0.0,0.0,2-14,2.0,14.0,6.0,0.0,49.0,3.0,0.1509433962264151,TexansHouston,2020.0
Steelers,38.0,29.0,1.0,5.0,7.0,10.0,14.0,7.0,7.0,7.0,8.0,7.0,67.0,32.0,34.0,1.0,5.5,4.2,7.0,367.0,136.0,231.0,5.5,5.9,7.7,336.0,94.0,242.0,57.0,16.0,36.0,0.7941176470588235,34.0,3.0,0.0,1.0,2.0,32.0,13.0,7.0,25.0,73.0,0.0,5.0,2.0,0.0,2.0,1.0,1.0,5.0,1.0,2.0,41.5,6.0,1.0,12.0,1.0,0.0,0.0,24.0,16.0,0.0,0.0,8-86,8.0,86.0,6.0,0.0,49.0,5.0,0.1509433962264151,EaglesPhiladelphia,2020.0
Steelers,38.0,7.0,1.0,4.0,10.0,14.0,7.0,7.0,0.0,7.0,0.0,0.0,62.0,37.0,23.0,0.0,4.5,3.5,7.3,277.0,129.0,148.0,4.5,3.4,5.9,220.0,75.0,145.0,54.0,22.0,28.0,0.6521739130434783,23.0,1.0,0.0,2.0,3.0,37.0,5.0,12.0,18.0,35.0,100.0,4.0,2.0,0.0,2.0,1.0,1.0,5.0,1.0,5.0,41.8,12.33,3.0,37.0,6.0,0.0,0.0,28.0,20.4,0.0,0.0,6-45,6.0,45.0,6.0,0.0,49.0,6.0,0.1509433962264151,BrownsCleveland,2020.0
Steelers,27.0,24.0,1.0,3.0,7.0,17.0,3.0,0.0,0.0,7.0,10.0,7.0,74.0,25.0,49.0,0.0,4.9,3.8,5.5,362.0,94.0,268.0,4.9,3.6,7.1,292.0,82.0,210.0,56.0,23.0,31.0,0.6530612244897959,49.0,2.0,3.0,0.0,1.0,25.0,15.0,6.0,23.0,72.0,0.0,2.0,0.0,0.0,0.0,2.0,1.0,3.0,1.0,2.0,50.0,27.67,5.0,83.0,5.0,0.0,0.0,17.0,14.333333333333334,0.0,0.0,8-69,8.0,69.0,6.0,0.0,49.0,7.0,0.1509433962264151,TitansTennessee,2020.0
Steelers,28.0,24.0,1.0,3.0,7.0,0.0,14.0,7.0,7.0,10.0,0.0,7.0,50.0,16.0,32.0,1.0,4.4,3.0,5.7,221.0,48.0,173.0,4.4,5.6,7.4,457.0,265.0,192.0,79.0,47.0,28.0,0.65625,32.0,2.0,0.0,2.0,1.0,16.0,11.0,3.0,19.0,33.0,0.0,4.0,2.0,2.0,4.0,0.0,,4.0,1.0,6.0,42.2,5.0,15.0,5.0,15.0,0.0,0.0,24.0,20.0,0.0,0.0,3-30,3.0,30.0,6.0,0.0,49.0,8.0,0.1509433962264151,RavensBaltimore,2020.0
Texans,20.0,34.0,0.0,3.0,7.0,0.0,0.0,13.0,0.0,17.0,7.0,10.0,58.0,22.0,32.0,0.0,6.2,5.4,7.9,360.0,118.0,242.0,6.2,4.9,6.6,369.0,166.0,203.0,67.0,34.0,32.0,0.625,32.0,1.0,1.0,4.0,2.0,22.0,13.0,8.0,21.0,40.0,100.0,1.0,0.0,0.0,0.0,1.0,0.0,2.0,1.0,3.0,41.0,19.0,0.0,19.0,0.0,0.0,0.0,22.0,24.0,0.0,0.0,5-37,5.0,37.0,6.0,0.0,40.0,1.0,0.11320754716981132,City,2020.0
Texans,16.0,33.0,0.0,1.0,0.0,10.0,0.0,6.0,3.0,17.0,3.0,10.0,57.0,17.0,36.0,1.0,5.3,3.0,7.6,304.0,51.0,253.0,5.3,6.2,8.5,407.0,230.0,177.0,65.0,37.0,24.0,0.6944444444444444,36.0,1.0,1.0,4.0,0.0,17.0,15.0,2.0,18.0,33.0,0.0,4.0,0.0,0.0,0.0,3.0,1.0,1.0,1.0,3.0,46.7,10.0,8.0,10.0,8.0,0.0,0.0,17.0,18.333333333333332,0.0,0.0,4-22,4.0,22.0,6.0,0.0,40.0,2.0,0.11320754716981132,RavensBaltimore,2020.0
Texans,21.0,28.0,0.0,3.0,7.0,14.0,0.0,0.0,3.0,14.0,3.0,8.0,47.0,15.0,27.0,0.0,5.5,1.9,9.8,260.0,29.0,231.0,5.5,4.4,6.6,387.0,169.0,218.0,76.0,38.0,36.0,0.7037037037037037,27.0,2.0,1.0,5.0,1.0,15.0,12.0,1.0,13.0,41.0,0.0,2.0,0.0,0.0,0.0,0.0,,3.0,1.0,6.0,48.5,4.5,6.25,17.0,25.0,0.0,0.0,19.0,23.5,0.0,0.0,4-49,4.0,49.0,6.0,0.0,40.0,3.0,0.11320754716981132,SteelersPittsburgh,2020.0
Texans,23.0,31.0,0.0,2.0,0.0,6.0,10.0,7.0,7.0,10.0,7.0,7.0,62.0,26.0,33.0,1.0,6.2,3.7,9.1,386.0,96.0,290.0,6.2,4.0,11.8,410.0,162.0,248.0,65.0,40.0,22.0,0.6060606060606061,33.0,2.0,0.0,3.0,0.0,26.0,12.0,5.0,20.0,25.0,50.0,3.0,0.0,0.0,0.0,3.0,1.0,2.0,1.0,4.0,50.2,7.0,6.0,14.0,6.0,0.0,0.0,25.5,20.0,0.0,0.0,2-15,2.0,15.0,6.0,0.0,40.0,4.0,0.11320754716981132,VikingsMinnesota,2020.0
Texans,30.0,14.0,1.0,3.0,0.0,10.0,3.0,17.0,0.0,7.0,0.0,7.0,58.0,22.0,35.0,0.0,8.4,5.9,10.3,486.0,129.0,357.0,8.4,3.8,6.1,364.0,75.0,289.0,73.0,20.0,49.0,0.7142857142857143,35.0,3.0,2.0,1.0,0.0,22.0,16.0,7.0,24.0,50.0,100.0,4.0,0.0,2.0,2.0,3.0,1.0,3.0,1.0,1.0,33.0,9.0,0.0,9.0,0.0,0.0,0.0,0.0,40.0,0.0,0.0,5-25,5.0,25.0,6.0,0.0,40.0,5.0,0.11320754716981132,JaguarsJacksonville,2020.0
Texans,36.0,42.0,0.0,5.0,0.0,10.0,13.0,13.0,14.0,7.0,0.0,15.0,67.0,27.0,38.0,0.0,6.1,3.4,8.8,412.0,92.0,320.0,6.1,9.7,8.9,607.0,263.0,344.0,70.0,27.0,41.0,0.7368421052631579,38.0,4.0,0.0,2.0,1.0,27.0,17.0,6.0,25.0,50.0,100.0,2.0,1.0,1.0,2.0,1.0,1.0,4.0,0.75,4.0,52.2,0.0,6.67,0.0,20.0,0.0,0.0,19.5,21.0,0.0,0.0,4-46,4.0,46.0,6.0,0.0,40.0,6.0,0.11320754716981132,TitansTennessee,2020.0
Texans,20.0,35.0,0.0,2.0,0.0,0.0,7.0,13.0,7.0,14.0,7.0,7.0,64.0,22.0,39.0,1.0,5.7,3.6,7.9,365.0,79.0,286.0,5.7,3.6,8.3,379.0,96.0,283.0,61.0,27.0,34.0,0.7435897435897436,39.0,2.0,0.0,3.0,0.0,22.0,15.0,4.0,20.0,42.0,0.0,0.0,0.0,0.0,0.0,3.0,0.6666666666666666,2.0,1.0,4.0,51.2,9.5,6.0,19.0,6.0,0.0,0.0,0.0,18.0,0.0,0.0,6-55,6.0,55.0,6.0,0.0,40.0,7.0,0.11320754716981132,Bay,2020.0
Titans,16.0,14.0,1.0,2.0,0.0,7.0,0.0,9.0,7.0,0.0,0.0,7.0,78.0,34.0,43.0,0.0,4.8,3.8,5.8,377.0,130.0,247.0,4.8,4.1,6.5,323.0,107.0,216.0,59.0,26.0,33.0,0.6744186046511628,43.0,2.0,0.0,1.0,0.0,34.0,17.0,6.0,26.0,43.0,100.0,0.0,0.0,1.0,1.0,4.0,0.25,2.0,0.5,4.0,51.0,6.33,8.0,19.0,16.0,0.0,0.0,19.0,0.0,0.0,0.0,5-37,5.0,37.0,5.0,0.0,29.0,1.0,0.05660377358490566,BroncosDenver,2020.0
Titans,33.0,30.0,1.0,4.0,14.0,10.0,6.0,3.0,7.0,3.0,7.0,13.0,59.0,34.0,24.0,0.0,6.0,3.6,10.0,354.0,123.0,231.0,6.0,6.1,7.5,480.0,165.0,315.0,74.0,27.0,45.0,0.75,24.0,4.0,0.0,1.0,0.0,34.0,12.0,7.0,23.0,63.0,0.0,2.0,2.0,0.0,2.0,2.0,1.0,4.0,0.75,3.0,40.7,0.0,0.0,0.0,0.0,0.0,0.0,13.5,0.0,0.0,0.0,4-30,4.0,30.0,5.0,0.0,29.0,2.0,0.05660377358490566,JaguarsJacksonville,2020.0
Titans,31.0,30.0,1.0,2.0,6.0,3.0,16.0,6.0,7.0,10.0,7.0,6.0,73.0,34.0,37.0,0.0,6.1,3.9,8.7,444.0,134.0,310.0,6.1,6.8,9.3,464.0,226.0,238.0,62.0,33.0,27.0,0.6216216216216216,37.0,0.0,1.0,2.0,2.0,34.0,13.0,10.0,23.0,23.0,100.0,2.0,2.0,1.0,3.0,6.0,1.0,1.0,1.0,3.0,47.7,2.5,0.0,5.0,0.0,0.0,0.0,30.0,23.5,0.0,0.0,4-45,4.0,45.0,5.0,0.0,29.0,3.0,0.05660377358490566,VikingsMinnesota,2020.0
Titans,42.0,16.0,1.0,6.0,7.0,14.0,7.0,14.0,7.0,3.0,0.0,6.0,62.0,34.0,28.0,0.0,5.4,4.1,7.0,334.0,139.0,195.0,5.4,4.3,6.2,370.0,95.0,275.0,69.0,22.0,46.0,0.75,28.0,3.0,0.0,0.0,3.0,34.0,14.0,9.0,25.0,60.0,100.0,1.0,2.0,1.0,3.0,0.0,,6.0,1.0,3.0,42.7,20.0,-1.0,40.0,-1.0,0.0,0.0,17.5,23.0,0.0,0.0,6-46,6.0,46.0,5.0,0.0,29.0,5.0,0.05660377358490566,BillsBuffalo,2020.0
Titans,42.0,36.0,1.0,6.0,14.0,7.0,0.0,15.0,0.0,10.0,13.0,13.0,70.0,27.0,41.0,1.0,8.7,9.7,8.9,607.0,263.0,344.0,8.7,3.4,8.8,412.0,92.0,320.0,67.0,27.0,38.0,0.7317073170731707,41.0,4.0,1.0,2.0,2.0,27.0,20.0,9.0,31.0,60.0,0.0,2.0,0.0,0.0,0.0,2.0,0.0,4.0,1.0,1.0,54.0,6.67,0.0,20.0,0.0,0.0,0.0,21.0,19.5,0.0,0.0,7-73,7.0,73.0,5.0,0.0,29.0,6.0,0.05660377358490566,TexansHouston,2020.0
Titans,24.0,27.0,0.0,3.0,0.0,7.0,10.0,7.0,7.0,17.0,3.0,0.0,56.0,23.0,31.0,0.0,5.2,3.6,7.1,292.0,82.0,210.0,5.2,3.8,5.5,362.0,94.0,268.0,74.0,25.0,49.0,0.5806451612903226,31.0,2.0,0.0,2.0,1.0,23.0,8.0,5.0,15.0,38.0,0.0,0.0,3.0,0.0,3.0,2.0,0.5,3.0,1.0,4.0,60.5,5.0,27.67,5.0,83.0,0.0,0.0,14.333333333333334,17.0,0.0,0.0,7-73,7.0,73.0,5.0,0.0,29.0,7.0,0.05660377358490566,SteelersPittsburgh,2020.0
Titans,20.0,31.0,0.0,3.0,0.0,7.0,0.0,13.0,3.0,14.0,0.0,14.0,60.0,29.0,30.0,0.0,7.3,7.5,7.8,441.0,218.0,223.0,7.3,3.7,6.7,367.0,118.0,249.0,69.0,32.0,37.0,0.6,30.0,2.0,1.0,1.0,1.0,29.0,13.0,12.0,27.0,55.0,100.0,0.0,0.0,0.0,0.0,1.0,0.0,2.0,1.0,2.0,36.0,3.0,0.0,3.0,0.0,0.0,0.0,15.0,24.25,0.0,0.0,7-68,7.0,68.0,5.0,0.0,29.0,8.0,0.05660377358490566,BengalsCincinnati,2020.0
Vikings,34.0,43.0,0.0,4.0,7.0,3.0,0.0,24.0,3.0,19.0,7.0,14.0,49.0,22.0,25.0,0.0,7.8,6.1,10.4,382.0,134.0,248.0,7.8,4.9,8.3,522.0,158.0,364.0,76.0,32.0,44.0,0.76,25.0,2.0,1.0,2.0,2.0,22.0,12.0,10.0,25.0,50.0,0.0,0.0,0.0,0.0,0.0,1.0,1.0,1.0,1.0,2.0,40.0,0.0,0.0,0.0,0.0,0.0,0.0,32.0,18.0,0.0,0.0,5-20,5.0,20.0,3.0,0.0,22.0,1.0,0.07547169811320754,Bay,2020.0
Vikings,11.0,28.0,0.0,1.0,3.0,0.0,0.0,8.0,0.0,15.0,3.0,10.0,47.0,18.0,26.0,0.0,3.7,4.4,4.3,175.0,80.0,95.0,3.7,3.8,8.6,354.0,151.0,203.0,67.0,40.0,25.0,0.4230769230769231,26.0,0.0,3.0,3.0,1.0,18.0,5.0,3.0,12.0,22.0,0.0,2.0,1.0,0.0,1.0,1.0,1.0,0.0,0,4.0,42.0,0.0,0.0,0.0,40.0,0.0,0.0,19.25,13.5,0.0,0.0,6-45,6.0,45.0,3.0,0.0,22.0,2.0,0.07547169811320754,ColtsIndianapolis,2020.0
Vikings,30.0,31.0,0.0,4.0,7.0,10.0,7.0,6.0,6.0,3.0,16.0,6.0,62.0,33.0,27.0,1.0,7.5,6.8,9.3,464.0,226.0,238.0,7.5,3.9,8.7,444.0,134.0,310.0,73.0,34.0,37.0,0.5925925925925926,27.0,3.0,2.0,2.0,1.0,33.0,11.0,10.0,22.0,40.0,0.0,2.0,1.0,0.0,1.0,2.0,0.5,3.0,1.0,3.0,44.0,0.0,2.5,0.0,5.0,0.0,0.0,23.5,30.0,0.0,0.0,3-20,3.0,20.0,3.0,0.0,22.0,3.0,0.07547169811320754,TitansTennessee,2020.0
Vikings,31.0,23.0,1.0,4.0,7.0,10.0,7.0,7.0,0.0,6.0,10.0,7.0,65.0,40.0,22.0,0.0,6.3,4.0,11.8,410.0,162.0,248.0,6.3,3.7,9.1,386.0,96.0,290.0,62.0,26.0,33.0,0.7272727272727273,22.0,1.0,0.0,3.0,3.0,40.0,10.0,14.0,24.0,41.0,100.0,3.0,0.0,1.0,1.0,2.0,0.5,4.0,1.0,4.0,41.5,6.0,7.0,6.0,14.0,0.0,0.0,20.0,25.5,0.0,0.0,4-36,4.0,36.0,3.0,0.0,22.0,4.0,0.07547169811320754,TexansHouston,2020.0
Vikings,26.0,27.0,0.0,3.0,7.0,6.0,6.0,7.0,0.0,0.0,21.0,6.0,83.0,41.0,39.0,1.0,5.4,4.9,6.4,449.0,201.0,248.0,5.4,7.8,6.8,314.0,124.0,190.0,52.0,16.0,32.0,0.6923076923076923,39.0,2.0,1.0,3.0,1.0,41.0,17.0,12.0,31.0,42.0,66.0,4.0,1.0,0.0,1.0,2.0,1.0,2.0,1.0,2.0,48.0,2.33,15.0,7.0,15.0,0.0,0.0,18.5,0.0,0.0,0.0,6-55,6.0,55.0,3.0,0.0,22.0,5.0,0.07547169811320754,SeahawksSeattle,2020.0
Vikings,23.0,40.0,0.0,3.0,0.0,0.0,7.0,16.0,10.0,10.0,10.0,10.0,50.0,13.0,36.0,0.0,7.3,2.5,9.5,365.0,32.0,333.0,7.3,2.7,9.3,462.0,99.0,363.0,79.0,37.0,40.0,0.6666666666666666,36.0,3.0,3.0,1.0,0.0,13.0,14.0,3.0,19.0,30.0,50.0,2.0,0.0,1.0,1.0,0.0,,1.0,1.0,4.0,49.5,0.0,12.0,0.0,36.0,0.0,0.0,24.333333333333332,24.0,0.0,0.0,3-30,3.0,30.0,3.0,0.0,22.0,6.0,0.07547169811320754,FalconsAtlanta,2020.0
Vikings,28.0,22.0,1.0,4.0,7.0,7.0,14.0,0.0,7.0,7.0,0.0,8.0,49.0,34.0,14.0,0.0,6.6,5.1,11.4,324.0,173.0,151.0,6.6,4.5,7.1,400.0,109.0,291.0,66.0,24.0,41.0,0.7857142857142857,14.0,1.0,0.0,1.0,3.0,34.0,6.0,11.0,20.0,50.0,100.0,1.0,0.0,1.0,1.0,0.0,,4.0,1.0,3.0,37.7,0.0,0.0,0.0,9.0,0.0,0.0,16.5,26.5,0.0,0.0,7-36,7.0,36.0,3.0,0.0,22.0,8.0,0.07547169811320754,Bay,2020.0
49ers,20.0,24.0,0.0,2.0,10.0,3.0,0.0,7.0,7.0,3.0,0.0,14.0,61.0,25.0,33.0,0.0,6.0,4.9,7.8,366.0,123.0,243.0,6.0,5.0,5.8,404.0,180.0,224.0,78.0,36.0,40.0,0.5757575757575758,33.0,2.0,0.0,3.0,0.0,25.0,10.0,6.0,18.0,18.0,0.0,2.0,1.0,0.0,1.0,2.0,1.0,2.0,1.0,4.0,44.5,9.25,2.0,29.0,8.0,0.0,0.0,16.0,42.0,0.0,0.0,5-53,5.0,53.0,3.0,0.0,14.0,1.0,0.05660377358490566,CardinalsArizona,2020.0
49ers,31.0,13.0,1.0,4.0,7.0,14.0,3.0,7.0,3.0,0.0,3.0,7.0,59.0,29.0,27.0,0.0,6.1,6.3,7.5,359.0,182.0,177.0,6.1,3.6,5.6,277.0,104.0,173.0,62.0,29.0,32.0,0.8148148148148148,27.0,2.0,1.0,3.0,2.0,29.0,12.0,3.0,17.0,53.0,0.0,1.0,0.0,0.0,0.0,1.0,1.0,4.0,1.0,4.0,49.8,0.0,0.0,0.0,0.0,0.0,0.0,23.666666666666668,25.333333333333332,0.0,0.0,5-59,5.0,59.0,3.0,0.0,14.0,2.0,0.05660377358490566,Jets,2020.0
49ers,36.0,9.0,1.0,4.0,6.0,10.0,7.0,13.0,0.0,6.0,3.0,0.0,73.0,35.0,36.0,0.0,5.8,2.7,9.5,420.0,93.0,327.0,5.8,4.4,5.6,231.0,66.0,165.0,49.0,15.0,32.0,0.6944444444444444,36.0,1.0,0.0,2.0,3.0,35.0,19.0,7.0,29.0,66.0,0.0,2.0,1.0,2.0,3.0,4.0,0.75,3.0,1.0,0.0,,0.0,0.0,0.0,0.0,0.0,0.0,0.0,14.25,0.0,0.0,6-45,6.0,45.0,3.0,0.0,14.0,3.0,0.05660377358490566,Giants,2020.0
49ers,20.0,25.0,0.0,3.0,7.0,0.0,7.0,6.0,8.0,0.0,3.0,14.0,70.0,20.0,45.0,1.0,6.0,5.8,7.5,417.0,116.0,301.0,6.0,3.3,6.9,267.0,93.0,174.0,59.0,28.0,28.0,0.7111111111111111,45.0,1.0,2.0,5.0,2.0,20.0,20.0,4.0,25.0,45.0,0.0,3.0,1.0,0.0,1.0,0.0,,2.0,1.0,4.0,44.2,3.0,4.0,6.0,8.0,0.0,0.0,0.0,15.0,0.0,0.0,6-42,6.0,42.0,3.0,0.0,14.0,4.0,0.05660377358490566,EaglesPhiladelphia,2020.0
49ers,17.0,43.0,0.0,2.0,0.0,7.0,10.0,0.0,14.0,16.0,7.0,6.0,59.0,19.0,35.0,1.0,4.4,6.9,4.9,259.0,131.0,128.0,4.4,2.8,12.5,436.0,94.0,342.0,63.0,33.0,28.0,0.45714285714285713,35.0,1.0,2.0,5.0,1.0,19.0,8.0,7.0,19.0,20.0,0.0,2.0,0.0,0.0,0.0,1.0,1.0,2.0,1.0,3.0,44.3,17.0,3.0,17.0,9.0,0.0,0.0,20.0,15.0,0.0,0.0,7-75,7.0,75.0,3.0,0.0,14.0,5.0,0.05660377358490566,DolphinsMiami,2020.0
49ers,24.0,16.0,1.0,3.0,7.0,14.0,0.0,3.0,0.0,6.0,3.0,7.0,70.0,37.0,33.0,0.0,5.6,3.3,8.1,390.0,122.0,268.0,5.6,5.9,5.2,311.0,113.0,198.0,57.0,19.0,38.0,0.696969696969697,33.0,3.0,0.0,0.0,0.0,37.0,16.0,6.0,24.0,38.0,100.0,0.0,1.0,0.0,1.0,1.0,1.0,3.0,1.0,5.0,47.0,5.0,8.5,20.0,29.0,0.0,0.0,21.0,23.0,0.0,0.0,7-63,7.0,63.0,3.0,0.0,14.0,6.0,0.05660377358490566,Rams,2020.0
49ers,33.0,6.0,1.0,4.0,7.0,16.0,7.0,3.0,0.0,3.0,3.0,0.0,63.0,37.0,25.0,0.0,7.4,5.3,11.1,467.0,197.0,270.0,7.4,4.3,6.5,241.0,94.0,147.0,49.0,22.0,25.0,0.8,25.0,0.0,2.0,1.0,4.0,37.0,13.0,13.0,26.0,55.0,0.0,2.0,4.0,0.0,4.0,2.0,1.0,4.0,0.75,1.0,45.0,0.0,0.0,0.0,0.0,0.0,0.0,19.5,25.833333333333332,0.0,0.0,6-65,6.0,65.0,3.0,0.0,14.0,7.0,0.05660377358490566,England,2020.0
49ers,27.0,37.0,0.0,4.0,0.0,7.0,0.0,20.0,6.0,7.0,14.0,10.0,66.0,22.0,41.0,1.0,5.3,2.4,7.9,351.0,52.0,299.0,5.3,3.6,7.1,350.0,101.0,249.0,67.0,28.0,37.0,0.7073170731707317,41.0,2.0,1.0,3.0,2.0,22.0,16.0,6.0,24.0,46.0,100.0,2.0,0.0,0.0,0.0,0.0,,3.0,1.0,4.0,50.5,20.0,12.0,20.0,24.0,0.0,0.0,18.5,19.0,0.0,0.0,6-36,6.0,36.0,3.0,0.0,14.0,8.0,0.05660377358490566,SeahawksSeattle,2020.0
